indice,id_usuario,nome,genero,movimentos,meses,primeiro_anomes,ultimo_anomes
1,00108ccd-699c-453a-a9f9-a66aad6e03e5,Maria,F,433,12,202501,202512
2,001221d1-3626-45c1-807a-990502adf808,Eduardo,M,750,12,202501,202512
3,00ac49e5-4660-4214-b994-2122c59e1b92,Bruno,M,508,12,202501,202512
4,00cab281-99de-4b37-9c08-62bf796640b1,Rodrigo,M,438,12,202501,202512
5,012b40fb-79b9-482a-bbdf-984508ff80cf,Otávio,M,394,12,202501,202512
6,01586908-198c-4876-889f-fe165a3863a6,Mateus,M,403,12,202501,202512
7,0187334b-7c90-44a0-aa33-10025e7f196f,Gustavo,M,453,12,202501,202512
8,01adb377-d0c0-479b-a88d-90e3e9a27f8b,Aline,F,436,12,202501,202512
9,01e3f8e5-126d-4ed5-9fd5-2ada568d5f1d,Carolina,F,442,12,202501,202512
10,02123dba-723a-4b1c-81da-e6ba635672fc,Bruno,M,466,12,202501,202512
11,021e9ebf-514a-4b64-8212-251602d94073,Carlos,M,428,12,202501,202512
12,0231d306-f210-40a2-8ce3-a86d07384734,Fernanda,F,530,12,202501,202512
13,023be4d5-c227-4a15-9c95-18aa07428c84,Otávio,M,333,12,202501,202512
14,02d0abbc-8010-42ed-bbb1-b52eace31ef4,Natália,F,529,12,202501,202512
15,02d4451e-a29e-477b-a3f8-74ff591aa60d,João,M,789,12,202501,202512
16,0316550e-3d08-4837-8f31-ac73dd26f7e3,André,M,581,12,202501,202512
17,037045c7-cfe3-482d-9576-96200ae44297,Eduarda,F,448,12,202501,202512
18,03ff4580-931a-4118-b393-a4564c173fb1,André,M,420,12,202501,202512
19,0498dd5a-7f9a-4291-9728-dcb7239b9923,Thiago,M,580,12,202501,202512
20,04a57ad6-9bc8-4d28-b2fd-dc2f677786ee,Beatriz,F,396,12,202501,202512
21,0527f9a4-e4b2-423e-a0dd-6f4d3e9d4a9b,Helena,F,467,12,202501,202512
22,05636f3d-d09f-4a52-9a5b-fd1a11124ac9,Gabriel,M,357,12,202501,202512
23,058f7d12-b165-4b54-9aa2-96fc112d6138,Otávio,M,494,12,202501,202512
24,05cae03a-3938-445c-b8be-0fc00cde8f20,Ana,F,524,12,202501,202512
25,05fe999e-d0ef-4016-9865-ea978e0c99a7,Vitória,F,475,12,202501,202512
26,06075980-2642-428f-bf86-296b726973a2,Bruno,M,352,12,202501,202512
27,060a4902-2f90-43c2-b658-cdc31c16b27a,Gustavo,M,447,12,202501,202512
28,060fc376-8dc1-4b3f-96ae-aeb83405eb20,Bruna,F,414,12,202501,202512
29,06373f57-02c9-425e-84c7-cdde969b1e0c,Eduardo,M,402,12,202501,202512
30,063b4d84-e4b1-4be0-9a01-16a099294430,André,M,647,12,202501,202512
31,064af115-7bb3-4b2b-976b-90ba050008f3,Daniel,M,402,12,202501,202512
32,0695c2b6-eb55-4d9f-b79b-ad7338e21f70,Gabriela,F,537,12,202501,202512
33,06d65bbc-c120-45ea-8bae-bde044f8b2fb,Daniel,M,357,12,202501,202512
34,077b8675-2dc9-459c-8c6b-614ac0c48a69,Otávio,M,434,12,202501,202512
35,0783fd44-34a0-41ed-a1a7-74286c52dcbc,Daniela,F,514,12,202501,202512
36,07a90b36-345e-4372-830d-c4c82f5f071f,Sofia,F,514,12,202501,202512
37,07c2b84c-b282-447d-a72e-55334c1819e2,Gabriel,M,617,12,202501,202512
38,083dc360-3773-4fb6-b317-6ed66f725b5f,Eduardo,M,540,12,202501,202512
39,084a8246-d5f5-4f3d-a25c-711e03dfd1ae,Camila,F,341,12,202501,202512
40,088dcb87-ac1b-45ad-8aa1-f5a93129cfea,Natália,F,427,12,202501,202512
41,08a70787-4913-49f0-aa88-4fd07c290e55,Bruno,M,363,12,202501,202512
42,08b606cd-adc5-43c7-8dab-dd1e00c5b978,Arthur,M,430,12,202501,202512
43,08ee9a23-0640-475d-b9c6-d25a57fb5d2a,Fernanda,F,450,12,202501,202512
44,0903a069-a609-46d2-a0b9-ae905a2ba00e,Daniela,F,380,12,202501,202512
45,09520bd4-baba-4a2b-9100-7b37c2232c2a,Carolina,F,492,12,202501,202512
46,09b0bd93-14fc-4cce-89da-3f4df27d5aa3,Samuel,M,418,12,202501,202512
47,09e78396-f4ee-439c-8b6f-88ff77ed6d2c,Tatiane,F,344,12,202501,202512
48,09f4c6e0-cb83-4dc9-be37-d93afa7505d3,Mateus,M,395,12,202501,202512
49,0a070bb2-df1c-4fe3-a828-8c6f5dd012de,Leonardo,M,403,12,202501,202512
50,0a0be51f-27f8-4c21-8970-bf2814dbb1d6,Arthur,M,462,12,202501,202512
51,0a37f67b-77d5-4ab8-af28-2d88aaa252f1,Bruna,F,444,12,202501,202512
52,0aebf116-beca-4cf1-8472-b991ee8e77fa,Rafaela,F,416,12,202501,202512
53,0af23af6-9998-4f21-9f82-9c2235b01e38,Mariana,F,416,12,202501,202512
54,0b3e26a5-4728-415f-821c-aee560b013c7,Pedro,M,389,12,202501,202512
55,0b4eb062-477d-4dcc-a9d8-2a7240bcd57f,André,M,334,12,202501,202512
56,0b6ceb38-4e24-4f23-89ff-fe8e5b63e5ed,Rodrigo,M,444,12,202501,202512
57,0c594dec-9c4b-4cbf-b017-d803739130f1,Felipe,M,396,12,202501,202512
58,0cc3d03e-1cee-44aa-ba69-8857de5f3336,Natália,F,739,12,202501,202512
59,0d101042-9869-4f34-a23a-14e00974b94f,Samuel,M,421,12,202501,202512
60,0d5760b5-f120-497a-a6c8-cd8892971ce2,Gustavo,M,505,12,202501,202512
61,0ded575c-7653-4ca5-9700-12cb84d55ba3,Mariana,F,801,12,202501,202512
62,0dfa9458-e548-4c9f-9a36-bb8df89435da,Fernanda,F,674,12,202501,202512
63,0e0acb50-24d3-4656-b5ea-476f54207004,Sofia,F,666,12,202501,202512
64,0e371805-fbe9-4e5a-9346-364594d06aa1,Pedro,M,705,12,202501,202512
65,0e960223-9a07-40a3-b781-22918147e17c,Rodrigo,M,435,12,202501,202512
66,0ecbb6fe-40ac-4717-a4f1-e900ea01331f,Bruna,F,475,12,202501,202512
67,0ee60ebb-b967-4767-9a60-9019c4669db7,Fernanda,F,504,12,202501,202512
68,0f72a1c1-cbe9-452f-a1ba-b14744a00aab,Isabela,F,445,12,202501,202512
69,0f8a865a-02d7-4a61-b26c-05a652328278,Gabriel,M,492,12,202501,202512
70,0fa286a2-03df-44c1-91a5-2c2bb50fa61f,Samuel,M,432,12,202501,202512
71,0fa31adb-5d79-4cc8-8cac-3384dfb20360,Otávio,M,474,12,202501,202512
72,0fc60c14-54ef-457e-ab93-613027ad9bd5,Helena,F,404,12,202501,202512
73,0fee1f9e-35b1-4867-bc96-1cd166a8da23,Daniela,F,579,12,202501,202512
74,0ff3cc78-aa70-4f09-befd-4c64ae49db14,Natália,F,555,12,202501,202512
75,100a0c2b-0494-4814-a0df-188d932160c9,Rodrigo,M,493,12,202501,202512
76,10215fe5-9f0f-416e-ad05-5c2089fdea67,Sofia,F,420,12,202501,202512
77,108010ef-c5fe-4379-b704-c9de3673514e,Eduardo,M,321,12,202501,202512
78,1094a8b2-badd-4b50-9ba0-a165c9594346,Isabela,F,493,12,202501,202512
79,10ce09b3-2a6d-4688-b63e-2318852ea4d6,Felipe,M,409,12,202501,202512
80,11a50a43-8185-4b2f-9201-232bf9880e31,Carlos,M,448,12,202501,202512
81,11c060c6-5eb7-4ac5-b896-f88da8dbe27c,Vitória,F,512,12,202501,202512
82,12221c72-9ac2-4ec0-88a0-c359b9504ecf,Leonardo,M,433,12,202501,202512
83,1263e57b-c85f-414a-940b-072b3cb25d5a,Felipe,M,416,12,202501,202512
84,12bfa6f1-54e7-4171-9b2f-a40f3136f0de,Rafaela,F,383,12,202501,202512
85,12df848f-8d33-4a1d-a4de-bec9d0aa47fb,Gabriel,M,491,12,202501,202512
86,1399754a-378b-473e-bc7d-bef2e6451aab,Diego,M,764,12,202501,202512
87,139aae21-0535-4a19-bbf2-d2b8f0c7a0d8,Henrique,M,485,12,202501,202512
88,13b14e34-db3b-4d70-be99-2182324c20a9,Felipe,M,393,12,202501,202512
89,13e4fd9d-3cc1-4e93-bad5-9b6ae1256310,Helena,F,477,12,202501,202512
90,148f251f-2532-43c3-926c-4522703a7980,Thiago,M,500,12,202501,202512
91,14d00ac6-9f80-475a-a611-6340659808e7,Otávio,M,404,12,202501,202512
92,14d3ee51-5677-466b-8932-e010228bf1de,Luana,F,436,12,202501,202512
93,14d8f0c8-1ecc-462f-b300-bf56428634e6,Henrique,M,474,12,202501,202512
94,153c614f-ebe8-4b2f-949a-13c8401daf58,Eduarda,F,611,12,202501,202512
95,15a7500d-1185-4a91-a9f7-0bb81452b907,Otávio,M,348,12,202501,202512
96,16a773f0-2ad7-4600-90c2-f0552b7f0aa7,Helena,F,408,12,202501,202512
97,16c787c7-9510-41fa-a10c-7183c7d12008,Arthur,M,494,12,202501,202512
98,17300c84-efb5-4675-843d-17f886f4e234,Rafaela,F,492,12,202501,202512
99,174a34b5-e247-49c2-877e-1becd2342e1f,Juliana,F,411,12,202501,202512
100,174f6f14-1cba-4420-af6a-758e3420b90b,Eduarda,F,468,12,202501,202512
101,17ea9750-b3e1-4ef1-833b-61848da614d2,Bruno,M,570,12,202501,202512
102,181b5d12-c0c9-4e16-b1c0-72335239013e,João,M,471,12,202501,202512
103,18237451-0962-420b-98fa-96a310e0e12c,Aline,F,429,12,202501,202512
104,1867268a-c25c-4d9c-9f78-0af8c72ec1ea,Felipe,M,750,12,202501,202512
105,190f0e8f-8228-4e99-8cf8-38b0c39eb1c6,Larissa,F,457,12,202501,202512
106,195c7b0e-cef6-4988-a922-d2d315e110f9,Larissa,F,440,12,202501,202512
107,198fd3b8-5d5f-4b38-ad52-02464b769596,Gustavo,M,468,12,202501,202512
108,19d77c16-d47f-458b-85be-3627bc12f01d,Gabriel,M,413,12,202501,202512
109,19e7c66e-4301-48b7-b7a6-ce67853aca15,Otávio,M,508,12,202501,202512
110,1a19d36b-1566-4cf1-9963-061a2746ca61,Vinícius,M,458,12,202501,202512
111,1a366526-d1ed-4f1f-b484-45b2176b5118,Luana,F,430,12,202501,202512
112,1a70cedc-2311-4795-a969-1d4a2bdc4e75,Tatiane,F,456,12,202501,202512
113,1a9b30cd-be4f-426b-940b-5a5e596d03e0,Mariana,F,437,12,202501,202512
114,1aa382d2-9b3b-42ed-b771-582de7356d61,Letícia,F,483,12,202501,202512
115,1ae8f953-a49a-4585-8f97-c96b83b13216,Vinícius,M,508,12,202501,202512
116,1b0cdaff-e572-47c4-a49e-0732e409f025,Marcelo,M,443,12,202501,202512
117,1b37ec07-e6ac-49f1-908a-db076cf796f1,Sofia,F,389,12,202501,202512
118,1b636a8b-68ce-4cda-bef4-281109a3f6c9,Marcelo,M,362,12,202501,202512
119,1bd63163-bf0b-4366-8e65-f6dd38db4b0d,Carlos,M,530,12,202501,202512
120,1bdea1da-2848-4538-88dc-b3c0f9dcd26a,Bruna,F,432,12,202501,202512
121,1c10155c-9210-4c94-be98-f3020f060ec2,Mariana,F,321,12,202501,202512
122,1cd54972-272c-4d71-973d-510af5deac60,Carlos,M,453,12,202501,202512
123,1d127488-473e-486a-8642-58af6d31e347,Patrícia,F,711,12,202501,202512
124,1d358e82-180d-4f25-866d-2098cccab098,Daniela,F,389,12,202501,202512
125,1e677860-7935-445e-a595-908127c5bbae,Juliana,F,565,12,202501,202512
126,1e76db0a-5d26-4813-9ff5-1f5e363336c0,Natália,F,396,12,202501,202512
127,1ed14e8d-feae-4d4f-9ba3-3335efdd363e,Gabriela,F,357,12,202501,202512
128,1f28e9cf-7ec8-4eec-91f2-3e6b7979990f,Rafael,M,457,12,202501,202512
129,1f96102c-6bd9-4a12-9217-40ba57981ba5,Leonardo,M,451,12,202501,202512
130,1fed0c3a-613a-47da-a00c-aaf1c8661166,Patrícia,F,413,12,202501,202512
131,1ffc64c4-b635-47c6-91aa-8072c423f690,Rafael,M,487,12,202501,202512
132,2001e88e-9bc4-4c75-8805-e96b7a847581,Larissa,F,337,12,202501,202512
133,204ec14b-c7bc-43b9-a261-da99b0605830,Rodrigo,M,454,12,202501,202512
134,20e84d56-b01d-4470-95ea-5a46fdca22ba,Daniela,F,457,12,202501,202512
135,21070a5a-cfcf-4ade-b201-04d8845772ea,Gabriel,M,367,12,202501,202512
136,212d3380-411b-40b8-906e-48758fdb9eda,Bruno,M,703,12,202501,202512
137,21a184b4-f69b-4fb2-8270-f673cbe2fdca,Rafaela,F,449,12,202501,202512
138,21a8c4d2-5cc8-4d6b-872a-2fa7ce703f30,Marcelo,M,438,12,202501,202512
139,21d9c40e-5cb3-48b9-b200-0035730660da,Henrique,M,468,12,202501,202512
140,2214a50c-d0c4-4d09-9b58-9e6d808765d7,Gabriel,M,565,12,202501,202512
141,2236ce7e-3903-43f3-9010-dddd1d0541a8,Larissa,F,473,12,202501,202512
142,223d2a8a-42bd-4e90-98fb-038c7e8bcf46,Bruna,F,508,12,202501,202512
143,22621ee8-7c37-4ee9-96ac-50184946eeb2,Eduarda,F,501,12,202501,202512
144,22acc03e-09f8-40c6-b793-748772e3c0f0,Helena,F,432,12,202501,202512
145,22e44a49-2a12-4474-8549-b3b2eebea6de,Rafaela,F,379,12,202501,202512
146,238b7d75-22f7-4a91-bc09-f9579b56ae07,Mateus,M,370,12,202501,202512
147,23cea5a0-f24e-494d-98e6-e779df74f903,Lucas,M,443,12,202501,202512
148,23d9f5ae-c335-43f4-8c8b-d2af5f451404,Samuel,M,531,12,202501,202512
149,23e0fd7b-5c6f-4263-8dc8-33e1039a7b9d,Samuel,M,711,12,202501,202512
150,24538fa4-5c10-4b4a-85a7-8d87709dd176,Beatriz,F,399,12,202501,202512
151,24895da9-68b5-4df1-b91e-b7ae5ba77d16,André,M,306,12,202501,202512
152,24d63e1f-3a2c-465a-b713-6d5d8183e03b,Daniela,F,414,12,202501,202512
153,24e23d7f-c84a-4870-963f-1f87c73ed8b0,Thiago,M,420,12,202501,202512
154,24e60b68-609f-4ec5-9aa5-1ebae9571e27,Gabriel,M,459,12,202501,202512
155,25050b8b-72e2-43ba-af67-624c03460e30,Juliana,F,345,12,202501,202512
156,258bf045-e201-4b2c-adc3-7caf08828ec1,Sofia,F,425,12,202501,202512
157,25c0bc0b-0814-4266-933f-44228293c428,Letícia,F,466,12,202501,202512
158,2659359b-65cd-4ad8-8929-21385a1e6f63,Daniel,M,429,12,202501,202512
159,26f98645-e4d0-43e1-9453-2923de45a6c8,Aline,F,490,12,202501,202512
160,2708fe7c-6eba-404f-a371-4401a163fb35,Thiago,M,383,12,202501,202512
161,279009cd-4a92-446b-886d-e2ade27d3a27,Pedro,M,457,12,202501,202512
162,27d41be5-ea21-402d-b3ed-27c910ae6464,Mariana,F,415,12,202501,202512
163,284833dc-eb85-4845-a857-3960a3059ecf,Rodrigo,M,419,12,202501,202512
164,28510a1b-b7da-4416-95a9-5477174210be,João,M,401,12,202501,202512
165,28d911b6-e16f-4599-8742-161ee3396b72,Gabriel,M,524,12,202501,202512
166,28e2c845-7a50-4447-b753-f07ab052a969,Patrícia,F,371,12,202501,202512
167,2901434f-c530-4f9e-a15f-81a280f8cafd,Pedro,M,510,12,202501,202512
168,2901ca63-c593-4c33-b289-e4b3c366a318,João,M,449,12,202501,202512
169,29a1bace-e6c1-4d97-abb0-506163f58aa8,Isabela,F,500,12,202501,202512
170,29b301cc-012e-403b-95c4-4150a2d37051,Gabriela,F,348,12,202501,202512
171,29b85496-f218-4472-bf0b-d24e0efa2a11,Rafaela,F,383,12,202501,202512
172,29c3065e-dd38-4777-ac1d-863cf19e4d23,Pedro,M,375,12,202501,202512
173,2a005c6d-f168-434e-b21c-13f31a9ede69,Letícia,F,479,12,202501,202512
174,2a6b17c8-01c1-4701-8e41-9062974d57e2,Eduardo,M,453,12,202501,202512
175,2a819013-1861-4095-b507-ffeaf93fe83c,Otávio,M,464,12,202501,202512
176,2b6c6c6e-64b5-405e-a66a-e5e18b5e14a0,Natália,F,505,12,202501,202512
177,2ba335fd-efe3-4913-b8f1-57080d89c347,Pedro,M,429,12,202501,202512
178,2ba67486-2802-49a6-9b91-9aae93f7cb9f,Fernanda,F,785,12,202501,202512
179,2ba987bf-b44d-4cb2-bc28-cd2d7bfd2b81,Arthur,M,515,12,202501,202512
180,2bfc0098-4679-4bf2-a9ec-de559c74df96,Ana,F,451,12,202501,202512
181,2c5da59b-a0f2-4ae2-b8b7-7763bdb71d21,Valentina,F,500,12,202501,202512
182,2cddb44c-e5df-4ebd-a3e0-bb2826e0e118,Gustavo,M,798,12,202501,202512
183,2cf3443c-4417-4f4b-aefa-5e8358d8f380,Luana,F,529,12,202501,202512
184,2d6c454b-a53a-4e4e-b433-523179acdd06,Leonardo,M,333,12,202501,202512
185,2d8b2bb1-08d6-412b-ad5c-9ba712b126fd,Diego,M,713,12,202501,202512
186,2dc6d2e7-9da9-4190-9b99-247b2c9ead09,Tatiane,F,752,12,202501,202512
187,2e14860a-c306-4eb5-bc37-0fd6e355dd7b,Lucas,M,461,12,202501,202512
188,2e85f8ba-452e-4dff-bbfc-f3cdce456263,Valentina,F,571,12,202501,202512
189,2e8bbd44-d850-4dc7-b42d-75b13c891f7f,Luana,F,437,12,202501,202512
190,2ead5fe6-68d0-4611-a6a2-098eb7b14723,Otávio,M,424,12,202501,202512
191,2f170340-4620-4a99-b052-33ace599ba9f,Vinícius,M,421,12,202501,202512
192,2f7eeec6-c68e-4f2f-b5ad-d2313d860ff4,Tatiane,F,595,12,202501,202512
193,2f820cfb-12fb-4849-b6a7-60e8cd491c77,Gabriela,F,385,12,202501,202512
194,2fad9515-3c09-4400-8269-d83fd4e2c063,Juliana,F,512,12,202501,202512
195,2fca1214-b3c3-4d2f-a793-981bd38dbf19,Rafael,M,780,12,202501,202512
196,2ffec025-f897-49de-9ae8-905db16c9274,Rafael,M,467,12,202501,202512
197,3003666d-f877-4bf9-96c6-a8144a090d25,Pedro,M,278,12,202501,202512
198,30c51f54-1e99-4a5f-a819-eecee0438f3d,Mateus,M,481,12,202501,202512
199,30de93f0-79e1-4a75-bd34-777eb405e623,Sofia,F,440,12,202501,202512
200,31b53133-e0c2-4132-a675-e3f7a7813ede,Luana,F,404,12,202501,202512
201,31e6909d-6596-4dbe-8ac0-32e4fde73fa9,Isabela,F,348,12,202501,202512
202,31e94f2f-1463-49f9-a41a-b3f220ed976a,Mateus,M,455,12,202501,202512
203,3202c98e-90a5-4285-8c22-51a471f3b868,Larissa,F,443,12,202501,202512
204,326b76e1-58fb-4caf-927f-989a87f43220,Diego,M,696,12,202501,202512
205,32f9a871-7ecd-4399-a664-e374a1e8953d,Otávio,M,382,12,202501,202512
206,32ff43a3-91d5-427c-a2b4-47f9e85831bf,Letícia,F,466,12,202501,202512
207,3320d68b-17a1-480d-a74e-cc7bbcc83447,Bruno,M,541,12,202501,202512
208,33efc31b-4191-4790-8c1c-45dde3e6dd2d,Henrique,M,526,12,202501,202512
209,340b6c5e-409c-4885-9fd9-96f0996cd056,Eduarda,F,298,12,202501,202512
210,3424cd5a-19aa-40c6-a0a2-849e9d6c30ed,Fernanda,F,430,12,202501,202512
211,3495d7e5-fbe7-4322-a124-3bf0373a0e2d,Mariana,F,482,12,202501,202512
212,349a412e-a577-4115-a7aa-311c35177488,Carlos,M,508,12,202501,202512
213,3564b71a-a9ab-4530-850e-d5412fcdc69f,Beatriz,F,405,12,202501,202512
214,357fe13f-d793-456b-bf39-c7c11ef0f879,Mariana,F,464,12,202501,202512
215,358047ea-6083-43b2-9e48-03e43d57052a,Camila,F,374,12,202501,202512
216,3651e65c-646f-41bc-b4c1-f39aa31f5260,Otávio,M,733,12,202501,202512
217,36a21505-d6d4-42d3-b319-d51a133c7269,Fernanda,F,487,12,202501,202512
218,36d28d29-9e52-47fb-91c0-683b7b1a7b54,Eduardo,M,420,12,202501,202512
219,36d74064-cc59-4ad2-9304-aeae46e660e4,Tatiane,F,449,12,202501,202512
220,36fd9eac-bff8-46a3-b913-a2b848a8514b,Bruna,F,380,12,202501,202512
221,370f8ed8-c33c-421c-9b39-0af240d6d1fe,Helena,F,411,12,202501,202512
222,3795683a-2d08-4655-9be7-9bc0e2e11bbf,Felipe,M,464,12,202501,202512
223,3799fb14-fe83-436b-bc91-dbc73d7000a9,Vinícius,M,330,12,202501,202512
224,37e7843c-6ea3-49dc-9a88-d8570500448c,Henrique,M,501,12,202501,202512
225,37eef24b-f82d-414b-bac3-19f636b0ea14,Letícia,F,729,12,202501,202512
226,37fd7afa-c4c5-495f-ad6a-420af2534d07,Eduarda,F,525,12,202501,202512
227,3852707f-696d-4c85-b95a-6d5559841031,Gustavo,M,420,12,202501,202512
228,38599fa1-c9cc-4e50-937e-2a8c8929bce9,Samuel,M,350,12,202501,202512
229,38aca437-06ee-46c9-8ed7-c004452bfb50,Camila,F,433,12,202501,202512
230,38c81609-f1fb-4297-84c4-0aef2c14ad43,André,M,632,12,202501,202512
231,38e3042a-30f5-4326-83f4-d561b0e55ca6,Thiago,M,425,12,202501,202512
232,391df999-e924-4cca-87a6-007cb5ea4571,Tatiane,F,339,12,202501,202512
233,39587e17-6dc1-43ef-ac85-dca48c9c88f4,Ana,F,378,12,202501,202512
234,3a14e205-0e1f-44c9-9c5e-b0d3f2e7b650,Lucas,M,409,12,202501,202512
235,3a175d69-0fe3-435d-9697-d1561055e045,Vinícius,M,412,12,202501,202512
236,3b0ff1e6-7d50-4b50-9843-98c2eb79c289,Patrícia,F,538,12,202501,202512
237,3b14db9e-2c34-45c2-b54b-da6d59974a3b,Samuel,M,397,12,202501,202512
238,3b1f1175-5563-45fb-b0de-92e9150dc31b,Tatiane,F,479,12,202501,202512
239,3b446f06-ef79-41a1-bd31-d4f4c8ba6563,Thiago,M,479,12,202501,202512
240,3bbbd818-6814-4818-8401-5959500da6be,Bruno,M,364,12,202501,202512
241,3be25d66-fc40-4439-ba7f-4ed6abe7b6e5,Carlos,M,356,12,202501,202512
242,3c92766e-3fb8-44b5-baf2-d2fc8ea5cb92,Helena,F,464,12,202501,202512
243,3cc169ba-686c-4141-8971-a49e54e12d48,Gabriela,F,447,12,202501,202512
244,3d04665f-6e26-45ee-8fa4-8fa415d8ed7d,Daniela,F,429,12,202501,202512
245,3d5fe11c-ee22-4086-983f-5966ab14f2ed,Bruna,F,419,12,202501,202512
246,3d79d6c7-841a-4bab-be1e-e16fd84cc1e7,Gustavo,M,420,12,202501,202512
247,3df4aa25-75c6-4a76-af42-40f761ada3fe,Lucas,M,459,12,202501,202512
248,3e7d20b2-4c4f-450a-bbd2-e60bfda81f0b,Gabriela,F,691,12,202501,202512
249,3eb05647-25e9-41af-9a99-19ef25a4da6b,Bruno,M,539,12,202501,202512
250,3ec0637d-fc50-4c78-a785-0b1b01d24bfb,Luana,F,453,12,202501,202512
251,3ee3197f-d233-4bbf-8d9b-270d35850c42,Ana,F,428,12,202501,202512
252,3f2479db-b11a-455f-87b1-3d5a01ea485c,Helena,F,457,12,202501,202512
253,3f257d6f-ab31-4a2e-9c4e-03f6eaf65097,João,M,607,12,202501,202512
254,3f3f7877-71fd-4073-b0a8-692b105609d8,Sofia,F,504,12,202501,202512
255,3fce2ac3-becd-4b2a-9889-92840d663ddc,Gabriela,F,341,12,202501,202512
256,3fd37876-d88b-4185-b032-1c95e1f93be7,Diego,M,454,12,202501,202512
257,4044fa67-40be-40bd-92b5-22e05fbcda83,Gabriela,F,709,12,202501,202512
258,406a98e5-13b0-49cb-bc3a-6ad6ee73abb1,Diego,M,415,12,202501,202512
259,4099dcf3-9f23-40c8-8b52-4b0ed8761dda,Fernanda,F,489,12,202501,202512
260,40b7360c-c0c7-484b-b44d-c4eb3289234c,André,M,477,12,202501,202512
261,40ebd505-f94d-442c-8737-ba4d156e0ec9,Henrique,M,480,12,202501,202512
262,40f1a82f-3bc3-42d0-b55f-381b5ff3f092,Nicolas,M,468,12,202501,202512
263,412dae1f-928d-4240-b37a-d29d8f99de82,Rodrigo,M,469,12,202501,202512
264,41496cd3-eb4a-48b9-ba90-835c1d274d60,Luana,F,422,12,202501,202512
265,41ad470b-3d69-4645-82db-bead9fcc8f65,Larissa,F,740,12,202501,202512
266,420e20f6-c295-4fc8-aae7-863ca6f6c57e,João,M,467,12,202501,202512
267,4261f05b-abd7-4f7b-b788-0931fe61497e,Lucas,M,417,12,202501,202512
268,4274faf9-4bbc-4bb5-a41f-77ae64a284b0,Juliana,F,371,12,202501,202512
269,42a9a99c-d70b-42d2-824e-d716d4434748,Pedro,M,716,12,202501,202512
270,42ba2177-1f21-4548-baf8-970d1776bb6d,Eduarda,F,435,12,202501,202512
271,42e2c6b3-5dc3-4955-8d17-daa522f895ca,Thiago,M,471,12,202501,202512
272,434dbe98-2371-4cc6-937d-50089c070b12,Vinícius,M,376,12,202501,202512
273,4350677a-7b21-4717-b438-84cc8d8c3507,Eduardo,M,533,12,202501,202512
274,43bb3a60-a3d3-4d66-bc32-8f8565decbd2,Thiago,M,455,12,202501,202512
275,443507df-fc4a-47cd-913f-b177caa33504,Isabela,F,313,12,202501,202512
276,446f4f32-7267-47f7-bd40-1af58c8203df,Vitória,F,363,12,202501,202512
277,446f9635-0ce5-4b71-9f7f-7d8d06f15dfb,Luana,F,421,12,202501,202512
278,4487d297-5803-442a-b253-8fcbfd84c334,Nicolas,M,409,12,202501,202512
279,44aabc09-6d2d-4dad-b2e8-79ad03c84896,Rodrigo,M,449,12,202501,202512
280,45162b8d-fac9-4d97-98fc-f132b4e2e354,Daniel,M,522,12,202501,202512
281,456a01ff-d039-465d-81a2-f954c34cd138,Gabriel,M,481,12,202501,202512
282,457c3304-bf8d-4cbe-b60b-42fe62d532fa,Eduardo,M,474,12,202501,202512
283,462180d1-a23a-4154-ba9a-f93ea4ff2db0,Natália,F,388,12,202501,202512
284,46c36558-5c3e-425d-b9e1-04e3e0e92aae,Eduarda,F,515,12,202501,202512
285,46d43c19-54fa-437e-9b87-7f0165693f85,Larissa,F,341,12,202501,202512
286,46da9833-2816-4ef4-8017-eb5723713740,Camila,F,453,12,202501,202512
287,46ebfe8f-36df-4522-a69f-ee24d789541c,Marcelo,M,347,12,202501,202512
288,47604d5c-c4a0-4b2b-9d46-78986ed52040,Marcelo,M,516,12,202501,202512
289,47abf637-171e-4f0c-8fb8-20ab5b611afd,Vinícius,M,370,12,202501,202512
290,47fc81bf-af7e-4659-b6e2-e9c63d9cd972,Letícia,F,460,12,202501,202512
291,4853b78a-7e58-4d0c-adab-e294760d7f3c,André,M,424,12,202501,202512
292,488b9edd-54ce-4d52-bf81-0a3fbfc439b8,Bruna,F,484,12,202501,202512
293,49158221-c355-4601-a38b-e2d35c5a227d,Mariana,F,435,12,202501,202512
294,496570e2-8d75-4c77-b36f-2bb4385ab3a1,Bruno,M,490,12,202501,202512
295,498579a6-a490-4404-bfee-ff91965fbad0,Patrícia,F,452,12,202501,202512
296,49d4df70-c204-4326-aa29-60b16fbdf944,Thiago,M,393,12,202501,202512
297,4a50a939-0bef-48e4-94a8-60c4731e395d,Henrique,M,671,12,202501,202512
298,4ac8802e-42c3-4e0f-b7ef-30ebdbe084d0,Luana,F,442,12,202501,202512
299,4acbc193-4b5c-4bbb-a523-1fb8de312371,Rafaela,F,423,12,202501,202512
300,4ad73aa4-e514-410f-9280-2066a46f8a50,Carolina,F,421,12,202501,202512
301,4adc598a-e25c-43c2-aaf4-7510020ce1dc,Isabela,F,602,12,202501,202512
302,4addee81-91a5-4b1d-bc39-6552fd01b1b8,Vinícius,M,396,12,202501,202512
303,4b14a1d2-74ea-42b9-a5be-cf3bf462018e,Natália,F,396,12,202501,202512
304,4b6a20a4-a9d9-43d6-bc61-f2ec3dddffb7,Natália,F,448,12,202501,202512
305,4be3d14b-55bf-4dbc-9c24-48b734185d17,Patrícia,F,433,12,202501,202512
306,4c6b31b9-e327-4a76-ac3b-1ed452743b42,Gabriela,F,533,12,202501,202512
307,4ca9d930-a8f9-4244-81ec-93c5c1b09bb6,Ana,F,631,12,202501,202512
308,4d240b16-9de5-4ffb-93d3-258750d47ca2,Helena,F,428,12,202501,202512
309,4de0d8e2-25c5-40c7-b801-3fa9918cf186,Carlos,M,436,12,202501,202512
310,4e215fe6-e059-4f27-ace6-5ea63dfeeef1,Aline,F,510,12,202501,202512
311,4e2861b6-91ee-4b98-8cbb-cea1f2c2169f,Gabriela,F,485,12,202501,202512
312,4e396341-ba13-4db3-b7f0-5ba86cc98dce,Aline,F,540,12,202501,202512
313,4e57220d-04d1-459c-9dc1-5521d4d448e3,Diego,M,321,12,202501,202512
314,4f19812f-6978-4ed5-bcb1-050bc5ba03c5,Vinícius,M,342,12,202501,202512
315,4f61db79-95e1-4b5f-9751-c32e0749a2da,Juliana,F,648,12,202501,202512
316,504063ac-d6f7-45f0-a652-fc36925e3430,Rodrigo,M,325,12,202501,202512
317,5086826d-ff73-4eaa-ac8c-f3b66c1bbaa3,Sofia,F,484,12,202501,202512
318,5182fdf7-e56e-4086-8002-104dd76e7a40,Vitória,F,417,12,202501,202512
319,518a504b-aa6c-4de6-a2d5-9512d2c33b8e,Juliana,F,661,12,202501,202512
320,51c24ecc-b042-47ac-9420-e8a46d0296ba,Isabela,F,441,12,202501,202512
321,5215c76e-b4a7-4b95-b5cf-8452e695f780,Felipe,M,469,12,202501,202512
322,524be208-e89d-4f44-ab6d-8ae7e6f5646a,Carolina,F,485,12,202501,202512
323,52ebecc0-7602-413a-973f-74e3f795a6f9,Fernanda,F,516,12,202501,202512
324,52fbdb4c-c676-40f8-b5ae-b0243b2a4357,Marcelo,M,496,12,202501,202512
325,53b468d9-1418-467a-b317-beb643055ea8,Eduardo,M,440,12,202501,202512
326,53f008ba-47aa-4b06-91a0-8f32195318d6,Juliana,F,413,12,202501,202512
327,555e8c9c-3598-4993-8c43-778d7155ebdb,Gabriela,F,344,12,202501,202512
328,556c008e-650f-4cc3-a8a0-34ebdc3ec436,Carolina,F,485,12,202501,202512
329,55d80699-3d71-49fb-8e60-ccf57846221e,Ana,F,349,12,202501,202512
330,55de81d7-6bf6-46a4-af4b-e2540ee693ed,Diego,M,428,12,202501,202512
331,55ffd84f-6e13-4bc4-a393-915939c2a2fa,Valentina,F,458,12,202501,202512
332,5632e8de-b65c-4cea-a30f-d64724110ca0,Sofia,F,469,12,202501,202512
333,5656f6a9-93e9-4209-8184-0593d763cc64,Luana,F,368,12,202501,202512
334,56e47600-db82-4f1d-bbdc-c15e7e787f93,Fernanda,F,496,12,202501,202512
335,57578f1e-c9e5-4e0a-b8d5-f13947d84d83,Nicolas,M,450,12,202501,202512
336,575f77a7-3d08-4139-967c-069e0215794e,Bruno,M,457,12,202501,202512
337,57945a5c-404b-423d-afdc-4192ed6a9ca9,Felipe,M,532,12,202501,202512
338,5795370d-387c-494d-850c-4ecf38a11c73,Larissa,F,421,12,202501,202512
339,57afecb9-c2f8-4d8c-8889-16e3ff9f5f36,Pedro,M,361,12,202501,202512
340,57d76681-aa97-40bb-b05e-f49f41982dde,Arthur,M,558,12,202501,202512
341,57eaffcd-5f52-46d6-977d-1047828361d8,Helena,F,678,12,202501,202512
342,57f251da-62eb-4fa9-a7b8-1145f5bd5a0b,Daniela,F,439,12,202501,202512
343,5835a2cc-6824-4162-9d83-acc010ae9ea1,Gabriel,M,414,12,202501,202512
344,583af7fd-6b49-4abc-9052-16d233800d36,Aline,F,430,12,202501,202512
345,585c3ef5-d712-46c2-bbb3-37c6a40e0085,Isabela,F,474,12,202501,202512
346,586166f3-24e0-4213-ac2a-fb4e5c3747cd,Mateus,M,402,12,202501,202512
347,5865ce27-0681-4dcc-9475-3df9d15a6858,Thiago,M,432,12,202501,202512
348,58854f5e-1d3f-4c31-a65f-ae4d4eb1ed4d,Letícia,F,527,12,202501,202512
349,58dcd24a-425e-4ea8-9f33-ae6ada5e7ca4,Leonardo,M,679,12,202501,202512
350,595db4d9-ce6b-45bf-98f4-61bce252e85f,André,M,446,12,202501,202512
351,5980d284-b05c-44dc-9303-849b5e8a0db8,Leonardo,M,438,12,202501,202512
352,598d2225-1ce9-4586-a04f-747f1d1d3526,Gabriel,M,480,12,202501,202512
353,59a6f4be-31de-4d78-bebe-1c92ebe565bb,Letícia,F,392,12,202501,202512
354,5a46b711-d020-4f63-a6d1-530061b916a3,Carolina,F,347,12,202501,202512
355,5b0cbe51-c154-45d8-91b0-a06c7befd220,Ana,F,384,12,202501,202512
356,5c118360-56d6-42df-80c5-878c44166006,Daniel,M,489,12,202501,202512
357,5c32d991-6beb-4913-988e-8d3d763efa8f,Arthur,M,436,12,202501,202512
358,5ca72b12-801e-4084-bdfe-c944b025f87c,André,M,421,12,202501,202512
359,5cb1b439-173e-4f41-a826-03f55a49b9e1,André,M,345,12,202501,202512
360,5ce5ea58-ee1b-4a49-97bf-9b83032231be,Leonardo,M,451,12,202501,202512
361,5d190993-aec6-4a05-9b58-72adf07fba20,Rafael,M,497,12,202501,202512
362,5d1ac5fb-2925-4920-974c-563b5e5a1d11,Gabriel,M,748,12,202501,202512
363,5d44ed7f-4a24-41f9-ad6e-6bb4d796a101,Otávio,M,444,12,202501,202512
364,5d5442d1-c2a0-4035-a445-1af3edec8404,Vitória,F,456,12,202501,202512
365,5d8309af-0f7a-48de-be52-999c24605a38,João,M,523,12,202501,202512
366,5ea591f0-fab2-4907-91cc-912d77dec8b1,João,M,425,12,202501,202512
367,5eb50b16-ab61-4044-8a26-3b95301ef803,Juliana,F,773,12,202501,202512
368,5ec09ac2-085c-4124-a0e8-5f9157dd8f33,Mateus,M,429,12,202501,202512
369,6070ee47-5c83-4fa7-8b19-f61a363fdf55,João,M,391,12,202501,202512
370,60cc2c95-5326-43f4-a789-827cd2d29a01,Rafaela,F,472,12,202501,202512
371,60d9fb9c-696a-4a9d-9c04-780cf7d3b557,Bruna,F,455,12,202501,202512
372,610ca8a7-ae20-4909-a171-d99d9e3244d9,Rodrigo,M,541,12,202501,202512
373,61132773-2e44-40b8-abd1-ff9d604c1738,André,M,458,12,202501,202512
374,616780af-c41d-4330-8b93-0d1b914fef8c,Larissa,F,453,12,202501,202512
375,6210da1c-8b24-47b3-a69c-ae9e0773c91c,Fernanda,F,496,12,202501,202512
376,6226c618-d30c-4d41-a420-67322576fa14,Thiago,M,440,12,202501,202512
377,626c563b-b51e-4adf-8f29-f6b2f82b5ff3,Carolina,F,549,12,202501,202512
378,632ea597-7728-489b-b1b8-4f5b364f082e,Aline,F,375,12,202501,202512
379,6334092c-357d-48f1-a04f-e41aae513ca3,Felipe,M,778,12,202501,202512
380,633cf347-b75a-40d6-9772-593e3e4bfeb8,Gustavo,M,386,12,202501,202512
381,63a3da0a-4fea-4296-ba19-dbac6b9d075a,Lucas,M,487,12,202501,202512
382,63d0bfb7-5a55-4f6b-a9bf-e400a5797ad4,Carlos,M,402,12,202501,202512
383,63e15ffd-1598-4501-87ea-f38ace990f9d,Bruna,F,738,12,202501,202512
384,63ffb3d8-06b4-423c-8c7f-fcd084f814cd,Felipe,M,413,12,202501,202512
385,64419260-a78a-4558-b897-e7063cfdf38e,Rodrigo,M,476,12,202501,202512
386,64462dbc-de67-40c8-bd6d-bb982d1c15a5,Mateus,M,377,12,202501,202512
387,64521780-ca38-466d-bbcf-e3a840c77707,Leonardo,M,424,12,202501,202512
388,64573257-64d1-49da-a48d-df5433c89b8b,Daniela,F,352,12,202501,202512
389,6491f4a4-67dc-49de-a38a-cf655ff77c33,Letícia,F,426,12,202501,202512
390,64a1d831-0e81-4f42-87f1-ce531f2c9289,Leonardo,M,361,12,202501,202512
391,64bc0566-4956-4961-b10f-af744b2a5012,Isabela,F,447,12,202501,202512
392,64bd6663-9d3d-4d4f-a576-2636c5ac834f,Henrique,M,467,12,202501,202512
393,64e5540a-9569-441c-bcd5-aa9f606cd1a4,Vinícius,M,416,12,202501,202512
394,6502fb8b-151c-4a70-a038-e2bab489af12,Rodrigo,M,440,12,202501,202512
395,65781792-b779-43e5-b610-da578c30810a,Henrique,M,444,12,202501,202512
396,65d99881-2e58-4bbb-b040-73160a51e064,Ana,F,346,12,202501,202512
397,662ad035-c7f4-4328-8b70-acd32ebe593c,Felipe,M,510,12,202501,202512
398,66355ae4-0a94-4dc6-be79-62460bbed1b8,Marcelo,M,401,12,202501,202512
399,6638cc36-5c98-4210-8b8c-9dfd15b8334d,Samuel,M,438,12,202501,202512
400,6671a562-b28d-43cb-88fe-a82796b28529,Carolina,F,430,12,202501,202512
401,67a90d9d-a8de-461c-a5eb-77ff670f5d72,Bruna,F,712,12,202501,202512
402,67e4940a-2276-48f6-ab39-985ac56a678b,Larissa,F,457,12,202501,202512
403,67e5c0c1-fefe-4585-bd07-56a7c678a7c3,Luana,F,700,12,202501,202512
404,67f2bfb3-0a47-43d6-b1e3-a2d10e09ba7b,Samuel,M,486,12,202501,202512
405,684a9829-093a-4783-a074-96a742ae7866,Rafael,M,492,12,202501,202512
406,68710e00-0934-4dcd-898d-8ba246998275,Tatiane,F,512,12,202501,202512
407,688396c6-9019-4f34-8679-a84600d90cbe,Luana,F,433,12,202501,202512
408,68aab6b8-5c44-430a-bba4-6f72d01d3f82,Felipe,M,601,12,202501,202512
409,68b4f580-66c2-437e-9695-89d55370923d,Helena,F,529,12,202501,202512
410,68c12bc8-de85-4088-8568-5321f80e0d19,Vitória,F,727,12,202501,202512
411,68fb1326-a1e7-4fec-a86a-ffd019ea6150,Leonardo,M,432,12,202501,202512
412,69821502-2959-4e29-82f3-1cdf776d5496,Isabela,F,650,12,202501,202512
413,69adeb68-9eeb-444f-beb5-211ea92df1da,Leonardo,M,345,12,202501,202512
414,69f1e969-a612-483f-9dba-7e25707361a2,Luana,F,434,12,202501,202512
415,69f68406-8de9-4e7d-8bda-0f3129f87ae7,Bruna,F,457,12,202501,202512
416,6a06983f-9120-4c0e-9bc7-c7b0dd8d5ca8,Rafaela,F,462,12,202501,202512
417,6a1015c5-e10d-4c6d-8e54-4f40aa0600eb,Isabela,F,350,12,202501,202512
418,6a2ec37f-466c-46d8-a70a-2c51eaa2c5e9,Daniel,M,380,12,202501,202512
419,6a44ed54-2b1e-405b-9c27-4c5d524ae9fd,Patrícia,F,483,12,202501,202512
420,6a59b2a3-ead6-4a7d-a621-e0a553f7bdd2,Diego,M,406,12,202501,202512
421,6a9c0eb2-520d-4994-a159-3ffef44abbde,Diego,M,384,12,202501,202512
422,6aa4059e-e62b-4ec8-a8b0-f97ed2a28518,Patrícia,F,485,12,202501,202512
423,6ab4dd92-d380-4b02-a80d-10395853b365,Felipe,M,520,12,202501,202512
424,6aeeb4b2-1566-4fe7-8cea-8ac98a128358,Henrique,M,672,12,202501,202512
425,6afe4318-259d-4882-9a37-54132053136d,Arthur,M,486,12,202501,202512
426,6b137082-38fa-4934-924a-20f711eb5891,Valentina,F,442,12,202501,202512
427,6c4d3c98-aced-42f7-aaad-be62883154b4,Gabriela,F,435,12,202501,202512
428,6c97ccfc-e1c4-488e-a9f2-72e9b98f70af,Vitória,F,464,12,202501,202512
429,6c9b3b9e-befe-4c37-8bae-e354f8de5f7c,Letícia,F,384,12,202501,202512
430,6c9edd81-667a-44c8-9a33-50d59aa34e21,Fernanda,F,433,12,202501,202512
431,6e18f35b-b18e-4088-8dca-3c72e4c26791,Camila,F,379,12,202501,202512
432,6e362c91-12b4-43d6-9b89-2ee99cf1d2d2,Juliana,F,358,12,202501,202512
433,6f3edef9-f379-4c9e-88c7-1fa938641a26,Sofia,F,497,12,202501,202512
434,6f8ac624-1d2b-4e1c-a369-1f3f58c6f121,Samuel,M,453,12,202501,202512
435,6fac564a-79c6-4067-b3b8-473180dd360a,Daniela,F,450,12,202501,202512
436,6fb015bf-f662-4173-bf3e-01721e283649,Felipe,M,461,12,202501,202512
437,6fff6535-2214-41b9-b6a4-732bc8b055af,Larissa,F,684,12,202501,202512
438,70035f9d-b373-44b3-a068-8afe30fc8ebc,Henrique,M,441,12,202501,202512
439,704b64f3-75e3-46cb-a2ec-3cf28f6213fe,Felipe,M,577,12,202501,202512
440,705a5490-2690-4cb3-8f23-ff67f1536f8d,Carolina,F,457,12,202501,202512
441,70760757-de78-4314-b960-2f2400573953,Carolina,F,482,12,202501,202512
442,707f9f4d-ed47-4c8d-97c4-b1d75cd1085f,Larissa,F,488,12,202501,202512
443,70ab6f6e-57e0-4a15-9cfc-514926c2d830,Mateus,M,384,12,202501,202512
444,70e90f06-4977-433c-8910-997e99a628e6,Eduardo,M,448,12,202501,202512
445,711dd83b-24f3-4a53-9061-93ef9c3a0cf6,Marcelo,M,369,12,202501,202512
446,713ddc5a-623f-4c59-8508-9d399875f016,Bruno,M,461,12,202501,202512
447,714a06ef-063b-4c47-83c2-8bf27fffa665,Samuel,M,455,12,202501,202512
448,71616ad4-5d91-46ee-b31f-6beaeefe8eca,Aline,F,430,12,202501,202512
449,7168131b-2342-425d-9e8a-8f59fe9ba59e,Gabriel,M,423,12,202501,202512
450,7192f5b5-870a-4595-9828-64417bf1f68c,Arthur,M,284,12,202501,202512
451,71b6e0d2-9121-4ec9-b7ce-8a89a9702d3b,Rafaela,F,511,12,202501,202512
452,71ebfdf3-a44b-4f3c-b8da-33ed873fd88b,Helena,F,463,12,202501,202512
453,72055dab-9f5c-4691-80bf-413c5ecb311f,Gustavo,M,369,12,202501,202512
454,720b1229-a817-4f14-9f4f-2205a68aea89,Helena,F,451,12,202501,202512
455,727c861d-cb2a-4a3d-8a7c-c2f0eca3492c,Vitória,F,490,12,202501,202512
456,729449da-29c9-4169-8132-5617076bf1ca,João,M,411,12,202501,202512
457,72e5eec4-ae20-48a0-8ca4-1eb8c85fe35c,João,M,405,12,202501,202512
458,7333da45-b06f-4402-9941-681a46934ced,Helena,F,380,12,202501,202512
459,73745523-9df7-42c4-9c1f-008d54bde64a,Mateus,M,440,12,202501,202512
460,73770d32-378f-4f7d-a87b-d345348d688c,Rafaela,F,549,12,202501,202512
461,73832170-d1fa-41e0-af02-24affff9b745,Isabela,F,536,12,202501,202512
462,738ed844-05f2-4cc8-9628-547466af7716,André,M,436,12,202501,202512
463,73aa19c6-eac5-4b7c-9de4-7c57202d2103,Larissa,F,464,12,202501,202512
464,73b29468-13d8-4f10-bd40-0742d306a8cb,Carolina,F,596,12,202501,202512
465,74037d6e-327e-4e4c-ab20-eecac54912dc,João,M,502,12,202501,202512
466,7409c19c-a383-4476-9f45-db72f28808a4,Eduardo,M,493,12,202501,202512
467,74103784-94b7-491f-a670-358441fc98a4,Henrique,M,359,12,202501,202512
468,748380cb-867b-43fb-83d8-a2846ca3effc,Rodrigo,M,408,12,202501,202512
469,74c211c4-f367-45c1-9224-35647a7a28ac,Nicolas,M,531,12,202501,202512
470,7552800c-24b2-4314-b654-130a17605d20,Eduardo,M,477,12,202501,202512
471,755627ab-804b-4211-b0ea-f4ebacc58716,Fernanda,F,443,12,202501,202512
472,755e0eee-115e-473d-ba3d-fe9e83e1fb86,Nicolas,M,479,12,202501,202512
473,7583e368-9692-45ab-8b2a-965590ca5dba,Lucas,M,552,12,202501,202512
474,7604a424-af42-497c-a687-0fdab37cda43,Carolina,F,780,12,202501,202512
475,77c4e67b-f7cf-4fcb-8f73-145e228860b1,Nicolas,M,375,12,202501,202512
476,7821d66f-0eeb-406b-8835-8845183d097c,Marcelo,M,536,12,202501,202512
477,78c64ce8-56c6-4f5f-b39d-d82bd38e93be,Luana,F,306,12,202501,202512
478,78dfe4d0-0bee-46ae-8ff5-0a9c64844934,Camila,F,342,12,202501,202512
479,7977caac-8283-4666-acc3-835490d1b1be,Lucas,M,698,12,202501,202512
480,797b9417-c784-4c1b-a90f-70a21c98c118,Camila,F,663,12,202501,202512
481,798983fd-fa5f-47af-90a3-e0f43121c112,Eduardo,M,706,12,202501,202512
482,798acdab-b817-4c26-99f2-eadbbe5e4de0,Mariana,F,721,12,202501,202512
483,79928038-1a0e-48e5-8e86-1c199a24efb3,Rodrigo,M,465,12,202501,202512
484,79b8d639-dde3-4a7e-b6ac-dbad3b6eec2b,Eduardo,M,388,12,202501,202512
485,79e94fa1-2201-48a4-9cbc-7d808f877fff,Bruna,F,447,12,202501,202512
486,7a1d5306-3ea5-499e-b975-da66b8c8d73a,Vinícius,M,549,12,202501,202512
487,7a2e7ba2-afe5-4a9f-ae98-4a37d840a285,Vitória,F,715,12,202501,202512
488,7b52ba6c-4c0e-44ee-b2d4-ff455259341e,Lucas,M,681,12,202501,202512
489,7bc17dc5-4a55-456a-88f1-65ce893f6e05,Mariana,F,421,12,202501,202512
490,7c319910-b758-4803-9e99-a374ea39f129,Sofia,F,404,12,202501,202512
491,7c48d8eb-4dd7-45c1-8bbb-053b9adde042,Letícia,F,437,12,202501,202512
492,7c4ca7e3-a6a7-42fa-a848-a6d885933534,Otávio,M,407,12,202501,202512
493,7c8e910d-171b-4a59-b574-734ce5225d0c,Samuel,M,325,12,202501,202512
494,7ce0cb9a-a7d2-4b1c-a1fc-8e874bdc7994,Carolina,F,485,12,202501,202512
495,7d0a3f05-98ec-435d-8b1f-8ecd10b0d5cc,Sofia,F,465,12,202501,202512
496,7dca3b43-c724-4f35-a3dd-0a1bcef4ed30,Felipe,M,337,12,202501,202512
497,7e419935-053a-4ba8-a512-0006d372f932,Henrique,M,378,12,202501,202512
498,7f614661-4d1a-40c5-9c5f-e78a75cba82d,Otávio,M,720,12,202501,202512
499,7f7aaaf7-6625-4ff7-bce9-dea247507555,Rafael,M,646,12,202501,202512
500,7fa5c6e1-084b-472e-846e-d980830d28fe,Patrícia,F,447,12,202501,202512
501,7ffa1338-5190-40c0-b7c1-3516bd63b783,Aline,F,458,12,202501,202512
502,800b6f70-aabd-48f1-a626-b50090d3eb81,Natália,F,326,12,202501,202512
503,8026f6d7-6b68-4a58-a70d-82acc1e9f249,Rafaela,F,352,12,202501,202512
504,8077a09d-c131-417c-8700-5b71160c62c6,Larissa,F,454,12,202501,202512
505,80d2e471-342a-4a69-b7e2-542f98495bdb,Mateus,M,461,12,202501,202512
506,80fd8433-ae81-4daf-bffe-84ff601ba619,Ana,F,689,12,202501,202512
507,815f43b9-dbeb-44b7-ad0d-83937f4379ad,Eduardo,M,367,12,202501,202512
508,8186163f-8bf4-4009-be2a-c27d5376e3e2,Thiago,M,491,12,202501,202512
509,823ce857-ab15-440f-bd98-17995526f11f,Nicolas,M,451,12,202501,202512
510,82ac38b3-a469-4a2f-b651-9179b15b95ff,Letícia,F,435,12,202501,202512
511,82d30d54-5133-4e95-88b3-f1ea3091a56e,Eduarda,F,531,12,202501,202512
512,82f3f09e-dbc8-40a4-a35d-6f0e3cc907dc,Juliana,F,490,12,202501,202512
513,83002fa9-ff82-4bc2-af14-83d104c59f0b,Juliana,F,432,12,202501,202512
514,830915f8-09b2-4bf8-9e88-815a01885400,Pedro,M,342,12,202501,202512
515,8359fbeb-c762-465e-b81a-13d82bbe3901,Rafael,M,426,12,202501,202512
516,837c6a0f-f317-493e-a8a4-6e0a29b5af5d,Luana,F,402,12,202501,202512
517,847f2186-5b71-4adb-a2a1-3c0b7d37977c,Samuel,M,424,12,202501,202512
518,852e4462-5aa3-49e3-a34b-277e2218bacf,Letícia,F,378,12,202501,202512
519,853e3fbb-de46-49d1-ab84-2fbc260f1558,Leonardo,M,692,12,202501,202512
520,8646d533-d74c-4a7f-81cc-584ae1e84542,Eduardo,M,369,12,202501,202512
521,86cf5cd5-0a5d-46db-b15f-8dec2d7fc9de,Arthur,M,410,12,202501,202512
522,872da043-3c1d-4c6f-866c-1913d7e55270,João,M,489,12,202501,202512
523,87d1bf2b-548d-476f-97f8-9054d1a96a40,Gabriela,F,437,12,202501,202512
524,87d9089c-8f63-4633-b6d7-bbeef94ec616,João,M,771,12,202501,202512
525,881247b0-799a-493f-8fe8-7fa0d7bfbe61,Leonardo,M,500,12,202501,202512
526,88838457-0b81-4c93-a763-466ba2401bd1,Rodrigo,M,400,12,202501,202512
527,897edff8-6224-4810-8846-642a8de97673,Daniel,M,456,12,202501,202512
528,898abd5f-b0a3-47b3-9587-a52d401c30c5,Daniela,F,364,12,202501,202512
529,89ba9314-0d69-465d-b57d-6c4193162fa5,Henrique,M,385,12,202501,202512
530,89d0c42a-6e5d-4a4a-8931-9da50544d77d,Carlos,M,673,12,202501,202512
531,89e94911-ca56-4f8f-8f1a-c2903fd7d429,Bruno,M,386,12,202501,202512
532,8a0df84f-058b-438c-9cd5-25f422073c04,Gabriel,M,475,12,202501,202512
533,8a7c6287-0989-4f61-90a8-36a95d29aa14,Lucas,M,483,12,202501,202512
534,8ae4dd7c-5399-4c28-93c7-d118e2e42b21,Bruna,F,295,12,202501,202512
535,8b45ecf6-3f2f-4881-8eb6-c22ceba28db1,Bruna,F,433,12,202501,202512
536,8b47ef0d-dd5f-4cdb-bee6-ba62af1bc8fc,Carolina,F,464,12,202501,202512
537,8b66f7a0-fde6-47e7-92bc-2de2d64b2b6a,Felipe,M,504,12,202501,202512
538,8c0ce646-a0af-4c8e-acda-cc4811ca575e,Letícia,F,435,12,202501,202512
539,8c5b7a19-2ed1-4681-ad38-020244d0263d,Beatriz,F,422,12,202501,202512
540,8c7280a5-7386-4463-8fef-8f14dbf522fb,Isabela,F,314,12,202501,202512
541,8cd2de63-2764-4f4a-b0ce-b4e76bab4387,André,M,498,12,202501,202512
542,8ce15467-114e-42bc-9fe4-7092c80bcc8a,Carolina,F,520,12,202501,202512
543,8d223b5d-09d7-40e9-9acb-5be6555c4f39,Rafaela,F,443,12,202501,202512
544,8d490725-0f4a-4bf5-80a9-bd1e05ebc705,Eduardo,M,491,12,202501,202512
545,8d5ab6f3-49f8-4500-9bc5-9f29434e569d,Beatriz,F,432,12,202501,202512
546,8d613040-1ae2-44cb-a58a-b83a6e01a122,Nicolas,M,374,12,202501,202512
547,8da4a4af-4ec9-4b15-977f-4a6629f3472c,Leonardo,M,410,12,202501,202512
548,8dc79559-e45a-46bd-bd8d-a9b818642251,Diego,M,484,12,202501,202512
549,8de0c17d-8748-4a14-9c3f-545fe12bda8c,Rodrigo,M,585,12,202501,202512
550,8e958767-4bf7-4d2f-b5bd-c30c7f0bba79,Ana,F,383,12,202501,202512
551,8ea0339e-7e27-4f5f-af73-11a9155a8606,Otávio,M,457,12,202501,202512
552,8eba7bca-0c00-46c2-9f09-38d11f9be05e,Letícia,F,779,12,202501,202512
553,8f0a4b7f-2ee7-4552-b3b8-e12604253568,Carolina,F,402,12,202501,202512
554,8fb49363-fa24-466d-88e8-f0aa4a5974f8,Eduardo,M,357,12,202501,202512
555,8fbc8ba3-7d20-4382-ba8d-ffd070e836a1,Tatiane,F,534,12,202501,202512
556,9014dd26-f637-4831-b055-b1605f9543e8,Aline,F,741,12,202501,202512
557,9082c343-65ef-4148-aa14-ee252544b5f6,Nicolas,M,347,12,202501,202512
558,90938da5-7b3d-4ede-9182-46dc2ed26639,Daniel,M,761,12,202501,202512
559,9116aa1b-df22-4988-b260-3076b13dc837,Marcelo,M,480,12,202501,202512
560,911db61f-c551-4783-8783-e98a87588711,Mateus,M,487,12,202501,202512
561,9152dd81-b0c0-4d14-ae65-0966eac477e0,Arthur,M,405,12,202501,202512
562,91bbc93d-701d-43ad-9075-c8916c830b37,Patrícia,F,364,12,202501,202512
563,91bc1cde-4be7-4a80-b53b-fb6275cdfe7d,Letícia,F,386,12,202501,202512
564,91ccd53a-de24-486f-8e7c-7c0c81ab5815,Eduardo,M,721,12,202501,202512
565,9242baec-1517-4311-84e5-881bcd9b5add,Otávio,M,414,12,202501,202512
566,92481d4a-5841-4640-b1f1-835b70f8dd09,Eduardo,M,480,12,202501,202512
567,927c7d2c-bb95-4a5a-814d-3d536629b4fb,Mariana,F,495,12,202501,202512
568,9290c1c0-e8d4-4de4-8f96-58bddc8f5349,Daniela,F,449,12,202501,202512
569,92a622b7-cac6-4e7f-a3ac-906d26c6985f,Felipe,M,477,12,202501,202512
570,92de428a-4088-4842-8004-f55dd4c2fbe6,Mateus,M,461,12,202501,202512
571,92f7e147-a94a-420e-8677-16a68ce5b7c2,Leonardo,M,392,12,202501,202512
572,93b1a707-cd27-480e-934e-d8400833c365,André,M,451,12,202501,202512
573,93fbc80f-86ab-4fb9-b5a2-3d7c7b60c736,Gustavo,M,379,12,202501,202512
574,94300a93-e348-4653-88fd-7e1ce5c59eb1,Nicolas,M,490,12,202501,202512
575,946168b7-136c-4743-8da1-7956d0b70d88,Gabriel,M,453,12,202501,202512
576,947302aa-a111-40b0-a90a-bc005ac477f2,Otávio,M,474,12,202501,202512
577,948b9f3c-8376-4cc7-a342-53ce6db77aae,Camila,F,481,12,202501,202512
578,949e7bd3-9e03-4cbb-a434-ef278755fcd6,Daniel,M,323,12,202501,202512
579,94b575fe-815c-46e5-b77b-a74283f0bf86,Juliana,F,508,12,202501,202512
580,94d99669-e550-4f7d-a481-4115ae591c6b,Letícia,F,492,12,202501,202512
581,94e7adb1-59f6-49cb-9619-c21323c66dc5,Larissa,F,429,12,202501,202512
582,94ffdc1b-e01c-4541-98ae-6f251f0c74fd,Valentina,F,434,12,202501,202512
583,95373ce4-4029-46c7-a71e-f21d2c51b311,Arthur,M,537,12,202501,202512
584,95873622-61be-4ef1-8eb7-6cae5b458e6e,Juliana,F,381,12,202501,202512
585,95b482ec-1b4f-498a-b7c7-893f7e248215,Arthur,M,605,12,202501,202512
586,95c13cf8-8c1c-4583-a4e4-ea29404430ce,Mateus,M,463,12,202501,202512
587,95d3fa2c-6e00-4026-b119-90c4f9e90c33,Thiago,M,390,12,202501,202512
588,96853717-5429-42d2-8172-9d1d71278018,Eduarda,F,478,12,202501,202512
589,96b154b2-4888-4943-9b5f-ab81c12ba646,Felipe,M,394,12,202501,202512
590,96b15ef0-4824-4f85-b240-92de5cc25921,Natália,F,427,12,202501,202512
591,96b28e43-8faf-477b-b076-8d3c4b90e89e,Eduardo,M,443,12,202501,202512
592,97029a1c-c0a0-4e23-8a9c-8bd654d340cc,Rafaela,F,435,12,202501,202512
593,97213b37-7b48-43c8-90cb-80fd20b40458,Gustavo,M,378,12,202501,202512
594,975b3928-d2e9-488b-ba5d-a68a5ad21ab9,Thiago,M,490,12,202501,202512
595,9763bfd1-4e82-4e6b-b91a-9f6933f882b8,Carolina,F,368,12,202501,202512
596,9827433b-143f-465d-8497-dbbca5b0e8d4,Bruna,F,727,12,202501,202512
597,9828aae2-503a-424f-89a4-83b324a5df40,Carolina,F,653,12,202501,202512
598,982cf94a-3bb5-4e2f-8fea-401062b8cf5e,Rafael,M,437,12,202501,202512
599,98317b31-417c-49ef-86a0-6adfabd715e3,Leonardo,M,498,12,202501,202512
600,98486382-61d1-471e-975a-83a546a127c9,Thiago,M,451,12,202501,202512
601,987429f8-f323-46d1-b5f6-49ae365d8b43,Rafael,M,480,12,202501,202512
602,98c3c94c-c94c-4e22-82af-892241498f6a,Eduarda,F,431,12,202501,202512
603,98fe35fd-8e8b-4a50-a17f-e1edfe3de184,Beatriz,F,450,12,202501,202512
604,99034cf3-9c57-4963-979f-5fd3917cd56d,Valentina,F,410,12,202501,202512
605,991e3da2-ac1d-49d1-9036-992f968daa37,Letícia,F,411,12,202501,202512
606,99638b92-3400-425a-a962-6c616e971695,Luana,F,404,12,202501,202512
607,9a17087e-e999-4878-a03c-6de65b832543,Aline,F,488,12,202501,202512
608,9ac06d1d-1763-4b09-af80-f63655ed4f9b,Beatriz,F,502,12,202501,202512
609,9aff29ea-cb97-4b23-997e-a80131d7583e,Bruna,F,513,12,202501,202512
610,9b0b153b-1ae1-40e6-948a-d989d646f8c1,Diego,M,470,12,202501,202512
611,9b382ad4-77b9-421d-a508-3013f71315ff,Pedro,M,454,12,202501,202512
612,9cc0310b-aca6-4672-ab29-5dbd1824411e,Mariana,F,482,12,202501,202512
613,9d1197fc-341c-4ff7-9f6c-20d94e3f5c4d,Lucas,M,361,12,202501,202512
614,9d21ea9c-a1af-4022-9d01-c3500e97cbd6,Patrícia,F,416,12,202501,202512
615,9d39572c-ca4a-4b34-b447-7124da0e6a0f,Beatriz,F,341,12,202501,202512
616,9da91034-a27b-4efe-a867-06c68b8bf431,Letícia,F,412,12,202501,202512
617,9e220b31-2359-46e7-8834-514ea186129e,Eduardo,M,479,12,202501,202512
618,9e32aeef-1c07-4418-9592-6244afc4e923,Luana,F,440,12,202501,202512
619,9e581589-7678-4acc-8dbe-2e34c417b451,Letícia,F,415,12,202501,202512
620,9f3e05f9-b98b-4d55-9e70-c77712f39d9b,Eduarda,F,398,12,202501,202512
621,9f46f435-283d-4532-a101-70bd170c3e8d,Otávio,M,366,12,202501,202512
622,9f62a6af-07c5-41f2-8888-6529477152b1,Gabriela,F,467,12,202501,202512
623,9f722768-7813-4d58-8d51-c9dfdd9129d7,Juliana,F,480,12,202501,202512
624,9fbdfc9e-fa10-4a2a-872d-a7c5e4d69d0e,Nicolas,M,554,12,202501,202512
625,9fee3ccb-b3c7-4a12-a810-d24cc3cd45e2,Bruna,F,465,12,202501,202512
626,a052c522-07e4-4b4f-90d9-7f650050561f,Leonardo,M,337,12,202501,202512
627,a0569078-eb4a-4812-9694-a509573f7941,Vinícius,M,433,12,202501,202512
628,a097ec23-5415-4714-9d59-a7db929af52d,Otávio,M,340,12,202501,202512
629,a0b4bda8-7639-4e5e-a6f0-332c7b50c21b,André,M,554,12,202501,202512
630,a0c048a8-39c3-4407-8749-8e7f6bd8c279,Juliana,F,531,12,202501,202512
631,a0c4c71b-5a8b-4bc2-8b12-89e6f41ca112,Letícia,F,481,12,202501,202512
632,a0df3df2-878e-49fb-9e17-dd3c3174465a,Eduarda,F,516,12,202501,202512
633,a0ebe974-8f40-4d15-941b-dc2bad96fc00,Helena,F,391,12,202501,202512
634,a12f955b-1fad-4319-abfb-c70250a45dff,Eduardo,M,441,12,202501,202512
635,a15479d9-f9eb-4169-8e72-8ede5b1367e1,Juliana,F,504,12,202501,202512
636,a1585e4a-7baf-40ad-9766-b0eb4cfc2418,Gabriela,F,491,12,202501,202512
637,a164b12d-a4b4-44dd-a985-7d86886b394f,Beatriz,F,427,12,202501,202512
638,a18ebef3-5446-482f-b6af-14188e928ff4,Carlos,M,379,12,202501,202512
639,a1ab74b4-bc88-45bb-931d-2ff633b1dc06,Daniel,M,426,12,202501,202512
640,a20a4118-43f6-4ff3-8d19-56cc446ffc96,Marcelo,M,503,12,202501,202512
641,a21ccfe2-21ea-4abd-8b3d-a0efd2add067,André,M,408,12,202501,202512
642,a23bad5c-5f28-4b83-8766-6c644a13ec5b,Valentina,F,385,12,202501,202512
643,a24137e7-a405-4495-ae07-b5d99503f82a,Daniela,F,373,12,202501,202512
644,a2d05a11-8c7d-4d36-acbc-96563310ab2b,Rafael,M,359,12,202501,202512
645,a2fceb19-0ec6-40cd-8b7c-8c4a7cf3d8e1,Mateus,M,696,12,202501,202512
646,a347a293-ae3b-43e9-b186-ab7f5aae5589,Marcelo,M,728,12,202501,202512
647,a395a7b9-9e57-4ebd-83a6-ea22d33c1350,Helena,F,410,12,202501,202512
648,a3d981ba-ade4-44c6-9a3d-3016d930abc5,Otávio,M,388,12,202501,202512
649,a4075e4c-28d5-47f7-893a-0d63cfd819be,Beatriz,F,391,12,202501,202512
650,a427e2ce-d542-4d1e-8888-3e856ed1cc79,Marcelo,M,696,12,202501,202512
651,a4d5b5c1-fb9c-499c-a6f1-6e38b81ad53c,Leonardo,M,323,12,202501,202512
652,a568193e-fdd0-4b22-b508-6f9d7895d364,Felipe,M,505,12,202501,202512
653,a5af3a5b-24e6-4762-8dfd-6d225f363d7f,Eduarda,F,369,12,202501,202512
654,a5b21e1b-0957-476c-af2e-0fb5e8e66963,Lucas,M,733,12,202501,202512
655,a6150200-6202-444f-bde5-0b2acecc9a34,Mariana,F,694,12,202501,202512
656,a682ed8c-b0a5-4968-a22b-4d8a515b76da,Diego,M,368,12,202501,202512
657,a6b67729-671f-4d4a-8398-bb3a97e25fac,Arthur,M,553,12,202501,202512
658,a6b870c5-e7cf-4668-ab20-4dfbc22b6ee1,Eduardo,M,708,12,202501,202512
659,a772d797-a930-48ae-b0ca-5cc17d38235f,Mateus,M,448,12,202501,202512
660,a77388d5-b28c-4f1b-a14b-16414abc3349,Sofia,F,380,12,202501,202512
661,a77d3b65-3fc8-4a64-a18a-010c4416c3bd,Patrícia,F,422,12,202501,202512
662,a7856f96-7161-4bce-8012-c12f98fd9bfd,Valentina,F,465,12,202501,202512
663,a7908ee6-e448-48ec-8736-84cbc41d1650,Isabela,F,513,12,202501,202512
664,a79ac724-80d2-4bd6-9166-99602372b171,Bruno,M,448,12,202501,202512
665,a7ee933f-2a77-4ffc-ac8a-00bc7b8e2873,Daniela,F,436,12,202501,202512
666,a7f53690-8a0f-428a-93a2-4d1e247e9129,Pedro,M,431,12,202501,202512
667,a80003d4-e7b1-4abb-9475-9ba6e81d3620,Nicolas,M,364,12,202501,202512
668,a89ceb1c-9af5-4a07-a8e6-a0eff1839e01,Natália,F,411,12,202501,202512
669,a8d33c9c-48d1-40bf-87ad-deb94e8617e3,Bruno,M,645,12,202501,202512
670,a8dd225b-edd7-4703-b3c2-de73a2b1098e,Otávio,M,467,12,202501,202512
671,a9bcd63d-af0a-4912-979e-cc7885010b9a,Rafael,M,424,12,202501,202512
672,aa2bbdc9-3094-413c-80a6-161728688278,Bruno,M,370,12,202501,202512
673,aa33cf81-ba43-4430-9569-97c393255b48,Valentina,F,401,12,202501,202512
674,aa64e096-a437-4a61-9020-3eec6174248a,Pedro,M,354,12,202501,202512
675,aaa633a6-fe19-40d9-8d8a-e86ff8428e8b,Isabela,F,735,12,202501,202512
676,aafd6874-8aaf-46ca-8adc-1654e45a3ea0,Patrícia,F,468,12,202501,202512
677,ab71dc8c-24b6-48ff-b602-ae507ab24ab0,Juliana,F,443,12,202501,202512
678,acdf840f-7119-46d4-9d99-3b6aef1bebd2,Ana,F,347,12,202501,202512
679,ad644b37-8d03-4671-81d6-8fd6b52b54a8,Felipe,M,518,12,202501,202512
680,ad993c90-eb9e-4331-82f4-063f37ad18d2,Helena,F,400,12,202501,202512
681,adff2a94-153d-4c40-9a32-94d782006e0c,Rafaela,F,773,12,202501,202512
682,ae97a938-fa01-425c-bdcf-5f73d32d934d,Isabela,F,401,12,202501,202512
683,af2b5c15-b0db-42c7-b080-a1e61db96248,Rafael,M,499,12,202501,202512
684,af98929a-fafc-48f8-9b70-d477033e5ae5,Gustavo,M,512,12,202501,202512
685,af9c7321-36e0-4b63-ba30-f67390b2f55e,André,M,463,12,202501,202512
686,b03b6c30-1394-4803-a20d-2a076433cc76,Vinícius,M,429,12,202501,202512
687,b0bae60f-02ae-4039-b4b0-e4e1194b5081,Sofia,F,504,12,202501,202512
688,b0cde440-4f5f-46ae-83a7-b49348658c45,João,M,460,12,202501,202512
689,b1582fbb-7e0b-4741-8601-b72e48b3ba75,Marcelo,M,395,12,202501,202512
690,b15fa8f0-dc25-4d00-86f9-13a2cc816582,Valentina,F,404,12,202501,202512
691,b16b69ea-e96f-4f65-b022-2c3906e271b3,Beatriz,F,504,12,202501,202512
692,b17cd988-f15f-4e73-86db-900d71e5e683,Juliana,F,333,12,202501,202512
693,b17dd2ab-4924-4c9b-b901-c291fa03d379,Daniel,M,451,12,202501,202512
694,b1df4fe8-f52e-40b9-a82e-45bcd80a9865,Natália,F,582,12,202501,202512
695,b21918b9-eee2-4103-a97b-395a153a82bc,Larissa,F,457,12,202501,202512
696,b23481b0-2f55-4fa6-a038-e173ff621f52,Samuel,M,478,12,202501,202512
697,b2b6d4e4-dea7-4068-91fb-7a4f24142efb,Rodrigo,M,383,12,202501,202512
698,b310042f-09c6-4136-bcf0-5002581513e8,Gabriela,F,517,12,202501,202512
699,b31852b3-b06d-44d9-9080-b707a704a4ec,Otávio,M,725,12,202501,202512
700,b3343500-f10f-4442-8f41-48ac9e3aa7ef,Bruna,F,524,12,202501,202512
701,b34d2b98-f19f-4d36-b3ba-667b085b2e58,Eduardo,M,436,12,202501,202512
702,b38f6e87-b7dc-4966-87cb-fafa88d7577f,Patrícia,F,390,12,202501,202512
703,b3b10b34-175c-464a-96fa-566a6061633d,Ana,F,455,12,202501,202512
704,b3c8449d-4690-4e28-b2f0-9bd4478be86c,Mateus,M,462,12,202501,202512
705,b3eacd60-3390-41d6-b7dd-e516435fac62,Vitória,F,447,12,202501,202512
706,b413a7cb-f3f8-4eb5-8964-1be6533476f9,Larissa,F,431,12,202501,202512
707,b46f26ec-ffb8-467e-8371-c4c46705bc9d,Diego,M,505,12,202501,202512
708,b545a7bb-4142-4472-a0a5-0f1d680616e2,Rodrigo,M,415,12,202501,202512
709,b5e9ff78-bf48-4b8b-ace0-e588a7a8ffc6,Sofia,F,343,12,202501,202512
710,b609919b-ce00-46e5-a319-00ed87cae989,João,M,442,12,202501,202512
711,b60b219a-7e1e-4a58-a7ee-712ed1d43f36,Bruna,F,471,12,202501,202512
712,b6a1ccf8-ba8d-480d-a80c-0ada5d5a1adb,Arthur,M,366,12,202501,202512
713,b741e715-0332-4c35-8448-36a945a1bed7,Marcelo,M,455,12,202501,202512
714,b7492229-faeb-459f-b83e-124fb31d42fc,Patrícia,F,432,12,202501,202512
715,b78fc3bd-ed29-4f14-b312-178c9f2e0076,Daniel,M,452,12,202501,202512
716,b7bd42b6-ffa0-4372-8f5c-dc473760928c,Larissa,F,493,12,202501,202512
717,b7d8f768-a7c7-4f57-aa0e-c9b3e5385a25,Felipe,M,485,12,202501,202512
718,b7e16d53-ac6f-4d3d-9026-4285a699d7bb,Bruno,M,355,12,202501,202512
719,b807ba29-348d-4654-a7a0-449987029b4e,Arthur,M,401,12,202501,202512
720,b8ad4f31-437c-4cfb-b1fc-45241d3a2473,Letícia,F,434,12,202501,202512
721,b8ff4601-e937-4251-840c-59c4de94a0f9,Thiago,M,479,12,202501,202512
722,b9c34385-7d4f-43c9-a2df-c36dba0b8051,Carolina,F,372,12,202501,202512
723,ba3634c1-8834-4fd8-95b4-0b10546411b9,Vitória,F,383,12,202501,202512
724,bab94eae-656d-4697-968c-1d0e6bf47388,Carolina,F,441,12,202501,202512
725,bb052373-6aee-46cd-bf5c-b5a6715afce3,Carolina,F,539,12,202501,202512
726,bb28cf9c-1f38-41c6-adc7-89ea6c942319,Luana,F,445,12,202501,202512
727,bb82ed0e-a2db-4ce6-8031-122eae75c3f4,Pedro,M,502,12,202501,202512
728,bc041e6d-2068-48c7-9132-a36592b97210,Daniela,F,582,12,202501,202512
729,bc828f5c-4477-415b-85da-6224edb00226,Camila,F,749,12,202501,202512
730,bccff30e-bd54-45aa-b583-f16a213a683b,Beatriz,F,441,12,202501,202512
731,bce59545-a7d8-4464-8aaf-c884239ad74d,Pedro,M,374,12,202501,202512
732,bd31a4ab-94f4-448a-b10a-4716cb272777,Bruna,F,699,12,202501,202512
733,bd39d418-7d66-4c60-8e08-70f925b47971,Otávio,M,708,12,202501,202512
734,bdcab342-5bbb-434b-955b-5bfab12611d9,Henrique,M,444,12,202501,202512
735,be2a1dfe-4090-44ff-9778-0e49f3291fa0,Gabriela,F,339,12,202501,202512
736,beef3670-bf26-43e3-9424-e3c90dfe7ba2,Gabriel,M,484,12,202501,202512
737,bef75314-f10f-4934-967b-45fc7eba10ae,Aline,F,462,12,202501,202512
738,bf373368-bf94-4d9f-a03c-4388647d2142,Fernanda,F,421,12,202501,202512
739,bf400f10-cfdf-430b-a220-94c5caef9da0,Gabriela,F,395,12,202501,202512
740,bf74b5ec-b227-4876-aeea-267cf645b9db,Leonardo,M,372,12,202501,202512
741,c0320029-d2ec-4a8a-af21-9f94d1480a81,Helena,F,378,12,202501,202512
742,c059ec37-920a-4915-9272-229c3af8dafd,João,M,387,12,202501,202512
743,c0a7569b-f5e4-4dd0-80ae-f827369776d0,Valentina,F,532,12,202501,202512
744,c12094ed-1140-4793-8540-21c77cd00e4e,Ana,F,498,12,202501,202512
745,c1d916a4-b437-48e8-bc38-349389028110,Beatriz,F,401,12,202501,202512
746,c206ce15-d1dc-4d16-91b6-c1a69c214be7,André,M,556,12,202501,202512
747,c21169a2-5c71-4879-b100-9a75cdac2475,Beatriz,F,454,12,202501,202512
748,c2285870-65c2-4961-9d6d-b0f8f3a2248b,Diego,M,392,12,202501,202512
749,c234872d-4fe8-4645-b1ee-a1189ee8abf9,Patrícia,F,348,12,202501,202512
750,c2461b5b-78e3-48f3-b54f-4b32afd6797a,Marcelo,M,439,12,202501,202512
751,c28e2822-5ff7-48cb-8514-047fb5ee5801,Thiago,M,421,12,202501,202512
752,c2cf4d8f-d7a5-4fc4-a26a-237ac126c6eb,Mateus,M,388,12,202501,202512
753,c2e31e04-bba5-479d-bbf8-cd4882f40a5e,Mateus,M,481,12,202501,202512
754,c2f02d79-6c6a-421f-9d56-d754c6f379af,Otávio,M,564,12,202501,202512
755,c30315f3-70f5-4db6-b76f-08a86339d09b,Mariana,F,388,12,202501,202512
756,c370b571-d8c5-4999-b57d-b47bbad637d8,Daniel,M,420,12,202501,202512
757,c38dadbe-90bc-4dac-be15-c7ef6cf71218,Arthur,M,507,12,202501,202512
758,c393db48-1dd6-44d1-88ba-90c1fffee62e,Lucas,M,451,12,202501,202512
759,c39ba0fa-592a-4ae2-a2cf-421bb7db2f55,Daniela,F,485,12,202501,202512
760,c3d93cdb-4b7a-4917-a9ea-0ce944033718,Arthur,M,371,12,202501,202512
761,c4114f35-13a1-4959-b51f-6e0ebe13c712,Juliana,F,452,12,202501,202512
762,c41d926e-45e4-4852-8d25-5c5962142896,Thiago,M,480,12,202501,202512
763,c483ec34-c10f-4d81-8ffd-ea1dd3f41db1,Henrique,M,518,12,202501,202512
764,c4dd2f00-281a-4b13-8fff-652ed50e5e82,Larissa,F,317,12,202501,202512
765,c4f85983-dce2-49f1-a9c9-c8117a3c7b22,Vinícius,M,463,12,202501,202512
766,c50040e5-5617-4e4b-a5e1-8fe42a130c4e,Diego,M,487,12,202501,202512
767,c5108c84-290c-46cd-82ff-c23a5d92fa91,Patrícia,F,424,12,202501,202512
768,c5709fbe-fcf8-4ec8-b326-4bbf879366e9,Isabela,F,345,12,202501,202512
769,c5f1fac5-0c17-4ef7-b297-d90193d8dc52,Arthur,M,457,12,202501,202512
770,c5f47c02-ce97-4c2a-b4c2-7a11228bd3f3,Gabriel,M,454,12,202501,202512
771,c631cfc2-eb0f-4300-8760-e20328abbb0a,Rafael,M,405,12,202501,202512
772,c63decca-642b-47cd-8f64-35ff686c5c93,Vitória,F,670,12,202501,202512
773,c6a72b60-21b2-4438-af0b-f9f28a810408,Pedro,M,425,12,202501,202512
774,c6da59fa-c30d-4ecf-98fb-1638fc93f7bf,Daniela,F,499,12,202501,202512
775,c7c62e5f-4f3d-46f7-bd30-2ca96a80a224,Gabriela,F,396,12,202501,202512
776,c81068fe-9b1b-488e-862f-7b7d3df856ea,Camila,F,739,12,202501,202512
777,c86e1738-6cec-4125-9e36-95a08bd5504d,Rafael,M,435,12,202501,202512
778,c89d3bf0-ccac-42cd-8a35-4af1916eb51d,Camila,F,426,12,202501,202512
779,c8f5f41a-2079-4468-9d0c-fe3c3af9638b,Bruna,F,703,12,202501,202512
780,c98375c0-8c35-411e-a933-59ed794b444c,André,M,382,12,202501,202512
781,c991dc59-5885-4468-82be-20177d820a5f,Arthur,M,315,12,202501,202512
782,ca616d65-43c4-4f9b-a2bf-0c4c208bf16a,Daniel,M,427,12,202501,202512
783,caad36b4-e99e-4261-9db1-200e63e9c35c,Nicolas,M,341,12,202501,202512
784,cb2d0792-a5f6-44e6-8781-38bd9c5cbc5b,Larissa,F,355,12,202501,202512
785,cb3e6ba9-336c-4e71-9390-16f1d4c29db2,Diego,M,735,12,202501,202512
786,cb423cf9-28dd-4d4e-83ab-b302b97ebcd5,Rafaela,F,398,12,202501,202512
787,cb4743a8-7ebc-4d33-9135-7d34c195f779,Rafaela,F,694,12,202501,202512
788,cb483f1c-0090-42e4-be59-0040135bacb5,Helena,F,308,12,202501,202512
789,cbd01ae6-31bd-4bff-b4c4-fdf012eaec53,Luana,F,685,12,202501,202512
790,cc62f6b8-5e45-430f-ae7f-36f2a4c20919,Bruno,M,487,12,202501,202512
791,cceb83d2-1e0d-4a6e-8d71-fd05751bdec7,Nicolas,M,450,12,202501,202512
792,cd00c333-3f34-4b04-900c-a2d9cff6b546,Vitória,F,338,12,202501,202512
793,cdf16791-e68e-4544-9f4c-1b6e70b14432,Juliana,F,440,12,202501,202512
794,cdf800e7-7eca-410c-80a1-33aac6351262,Eduardo,M,626,12,202501,202512
795,ce90dcdc-c393-485c-9f92-5a56f671bd0c,Gabriel,M,420,12,202501,202512
796,cef20c2c-e3e0-4096-b20b-f1d993b2aeb3,Gustavo,M,437,12,202501,202512
797,cf030027-7bae-4033-a8f9-45281fe5004f,Carolina,F,459,12,202501,202512
798,cf1b0927-963c-42dc-bbb5-8de7bc6606e7,Fernanda,F,367,12,202501,202512
799,cf71c7ad-4106-494a-aa92-b5e02756bb2b,Vinícius,M,414,12,202501,202512
800,cfbe5177-1fbd-4756-838e-5e6ff0180973,Bruna,F,399,12,202501,202512
801,cfeeaa2d-6917-4e7c-9bb7-59f58b677db4,Lucas,M,518,12,202501,202512
802,d0263ce4-1741-42e4-be0f-a7050c0482bc,Bruna,F,517,12,202501,202512
803,d0373df7-1e82-4d1e-9fee-0c6cb704fdcb,Pedro,M,435,12,202501,202512
804,d079c542-5b38-4971-bbc7-08f7ee26f35f,Nicolas,M,375,12,202501,202512
805,d093aba9-e5de-4c8c-9a8d-223fa5b7bef4,Larissa,F,504,12,202501,202512
806,d134617b-53ad-4b9e-952a-f0fa4d34a3cd,Thiago,M,319,12,202501,202512
807,d1597446-7f79-41c8-bf0c-af65f279736d,Patrícia,F,684,12,202501,202512
808,d1c3b5e7-57ac-4e01-bcf6-eed1a81adc63,Luana,F,421,12,202501,202512
809,d2001403-20b8-4bc8-b5f4-22d6a9a878b9,Bruno,M,836,12,202501,202512
810,d2cba868-b41e-440d-83e1-162883c91b74,Luana,F,332,12,202501,202512
811,d3242172-77f1-4d5a-968d-e7799b0c1e81,Felipe,M,414,12,202501,202512
812,d342392a-9944-46dc-b46b-5bc2e4621883,Rodrigo,M,405,12,202501,202512
813,d35551d6-b5ee-454d-bd46-6f670347ca96,Gabriela,F,453,12,202501,202512
814,d372926c-8b10-4506-8eba-2743fd75704a,Rafael,M,468,12,202501,202512
815,d39e0ee0-7f24-4a6e-8ccb-b034ceddec1d,Camila,F,468,12,202501,202512
816,d3cce33d-682f-4550-a0db-6cf3fb82f812,Rafael,M,464,12,202501,202512
817,d3e29f70-3b14-46e6-a6ef-a42d478c43f8,André,M,563,12,202501,202512
818,d516514c-59c9-4dff-8794-cdf8aa4200a0,Vitória,F,393,12,202501,202512
819,d5525497-9ec9-467c-b9e9-cbd661794182,Samuel,M,352,12,202501,202512
820,d5e14f51-74d8-4a99-afa4-b327652839be,Ana,F,411,12,202501,202512
821,d5e4bf15-31b9-4ef5-93ee-63f8b4882cdf,Mariana,F,433,12,202501,202512
822,d60af5ec-650e-46ef-ba35-99e7446fdcb2,Rodrigo,M,415,12,202501,202512
823,d640b575-6ef6-4ee4-a1d9-e826890262cf,Carlos,M,401,12,202501,202512
824,d6482fe6-8190-4692-8440-4404568dae33,Luana,F,516,12,202501,202512
825,d65cc8c8-f44f-4d69-8630-b9b5f16b05fe,Gabriel,M,365,12,202501,202512
826,d6612acb-b722-42a8-a364-f5d94a393d19,Pedro,M,410,12,202501,202512
827,d664e23e-0c4a-4350-b466-c16b68f01d0c,Mateus,M,456,12,202501,202512
828,d6871814-efac-4a72-80a4-f37ab26992e9,Letícia,F,505,12,202501,202512
829,d68aa821-d372-480f-9d03-f86c6a83ebe8,Rodrigo,M,514,12,202501,202512
830,d6aa5b4b-10c5-4b69-b080-25798bca3078,Letícia,F,489,12,202501,202512
831,d6b28f28-2974-40ee-8946-a4571e2c56fb,Larissa,F,470,12,202501,202512
832,d6b777ba-77b5-457f-84ec-c53de4398bb7,Sofia,F,628,12,202501,202512
833,d6bb66b2-3645-454d-9dc8-acc16a79cbd7,Samuel,M,375,12,202501,202512
834,d6c59567-bb6d-4a01-a0bd-f9b6f811724b,Lucas,M,447,12,202501,202512
835,d6caf0c7-5f6d-4d85-954d-6cbcb6edd1d7,Rodrigo,M,435,12,202501,202512
836,d6df8537-c4ed-434a-8c67-d3b5f7fa93c1,Daniel,M,404,12,202501,202512
837,d6f96066-e7e3-4c97-a1d9-eb4240249947,Leonardo,M,327,12,202501,202512
838,d734dda2-4cc5-425c-8819-563bbbbbbe8a,Mariana,F,525,12,202501,202512
839,d79af3e5-e272-4dd1-9ecd-01805247650e,Aline,F,462,12,202501,202512
840,d89df7fd-b6f3-43cf-861f-bb0f9f715f77,Nicolas,M,366,12,202501,202512
841,d90ccc93-0d09-43b7-b501-0b8bff427381,Rafael,M,439,12,202501,202512
842,d9bab446-d2ad-49a0-bc21-3b5b1998c519,Valentina,F,353,12,202501,202512
843,d9e7d669-83b5-4c0c-81a5-e23e6cbfdab8,Pedro,M,474,12,202501,202512
844,da1b2a6a-a7cc-4c1c-8a4b-a35eabb9479e,Lucas,M,474,12,202501,202512
845,da67d5c3-c59b-49ba-aa05-b9e712592eac,Valentina,F,409,12,202501,202512
846,da6ac196-4d02-4293-9e0f-11088794ba20,Aline,F,387,12,202501,202512
847,da77c5c4-0dfa-4d6e-9da0-52e32d6fac6b,Marcelo,M,475,12,202501,202512
848,da8b2af9-5856-4a82-bf7b-884b8db6b43d,Rafael,M,349,12,202501,202512
849,dad41df5-40a9-4e86-a799-67b200dca2dc,Tatiane,F,383,12,202501,202512
850,db19b5f2-f49d-4d79-808a-59c5a6ef2988,Pedro,M,481,12,202501,202512
851,db78717c-b2bc-4da1-b585-5eb8d076fc98,Beatriz,F,723,12,202501,202512
852,dcdbb512-263d-42bc-97c9-f5b9010c20ca,Patrícia,F,463,12,202501,202512
853,dd2f2984-fc24-456a-9e5c-7494d099417e,Daniel,M,425,12,202501,202512
854,dd483621-64e2-4edf-8c6c-48894a251cbd,Vitória,F,358,12,202501,202512
855,dda4807e-d57b-493a-9394-3cfa13418913,Tatiane,F,422,12,202501,202512
856,de06a76b-47ad-4152-9971-ec2341553c13,Marcelo,M,417,12,202501,202512
857,de6f6846-9132-4b72-85f0-f844a00a2b7b,Henrique,M,450,12,202501,202512
858,debac6f5-acc0-41f6-b121-f0b8605238d5,Luana,F,460,12,202501,202512
859,dec42f02-28ad-4e08-b6f6-720c38f1bb56,Fernanda,F,480,12,202501,202512
860,dec71d10-f9c0-47f9-94d2-e3d8354debb2,Eduardo,M,428,12,202501,202512
861,dedcca63-7c74-4934-a422-a38254878deb,Gustavo,M,780,12,202501,202512
862,dee85dda-2914-45f5-b6d1-bfb964a4a795,André,M,384,12,202501,202512
863,df036699-e12d-4103-96d1-bd400fb0b601,Helena,F,557,12,202501,202512
864,df1bbe8e-34fe-4217-b640-7d8c6d3a3a67,Daniel,M,387,12,202501,202512
865,df39293f-d203-4bca-a72b-c1ff21d97650,Larissa,F,565,12,202501,202512
866,df52c9a7-8052-4df3-bd3d-3e264d556d18,Tatiane,F,511,12,202501,202512
867,df835318-0859-4af1-b403-10095dfdf877,Felipe,M,318,12,202501,202512
868,dff112f6-ec49-4f10-aa0e-6d50b9e1d1a6,Felipe,M,402,12,202501,202512
869,e02e1ec6-8cc9-4e4d-bbb7-2d4e87885d9b,Rodrigo,M,405,12,202501,202512
870,e08baea8-a994-44a0-9309-19dff4967c81,Helena,F,742,12,202501,202512
871,e09690e5-0860-4586-b472-661e45b22953,Eduarda,F,502,12,202501,202512
872,e0b3af5e-20de-4f43-b22a-c050dc60b70d,Mateus,M,501,12,202501,202512
873,e104a14f-54c3-4c11-af93-0d9d5dd576d8,Luana,F,431,12,202501,202512
874,e1c86647-c16b-470b-a9cd-1e271f124962,Juliana,F,350,12,202501,202512
875,e210536a-a0f8-4881-99b3-4f03b66f3c7a,Marcelo,M,327,12,202501,202512
876,e23f0605-8477-4e84-a555-2b68c821fae0,Henrique,M,454,12,202501,202512
877,e25c9cb8-ff83-4e38-bc94-a602c1c91c97,Letícia,F,633,12,202501,202512
878,e29f6540-0763-4ede-b35d-a0365b4761ef,Leonardo,M,433,12,202501,202512
879,e2a620d4-3598-433e-bda8-5f5509bbf307,Luana,F,531,12,202501,202512
880,e2aa57dc-4a79-479c-a78b-bb9554da5020,Eduardo,M,567,12,202501,202512
881,e2c16f30-b0b7-41cb-9946-1ced70d1a291,João,M,500,12,202501,202512
882,e343ef3e-0f82-4ab6-b8ef-7f193b293d39,Henrique,M,514,12,202501,202512
883,e362125d-33e9-4e13-ad46-958779ecf73c,João,M,469,12,202501,202512
884,e4412033-3597-4f5c-b6ba-2ac89dfd4be8,Bruno,M,330,12,202501,202512
885,e46fe2a9-0b4c-4ca9-be51-489be3cf9446,Vitória,F,506,12,202501,202512
886,e4aa44fd-9c89-4596-b108-31db9ca0ee15,Henrique,M,430,12,202501,202512
887,e4b91989-b061-4692-8740-33ff0066b0ee,Pedro,M,432,12,202501,202512
888,e4dd3acf-d9f0-4df2-b448-45b50ae1c957,Gabriela,F,394,12,202501,202512
889,e4ef08ed-e71f-4b9b-8bc5-bacb8c4010d5,Camila,F,472,12,202501,202512
890,e5423048-24c7-4234-9e94-cd79d78b8515,Henrique,M,508,12,202501,202512
891,e54b8466-5dd4-4a53-8d75-1f7f6d708de9,Mariana,F,387,12,202501,202512
892,e5904dfd-b571-42ea-89e1-8e6caf9a20c5,Juliana,F,331,12,202501,202512
893,e601058e-e5b7-4076-905f-23cbbb2cae21,André,M,329,12,202501,202512
894,e6472bcb-747f-4169-9036-dc830ceb9da4,Rafaela,F,701,12,202501,202512
895,e6919cc3-6fc4-491e-ab20-0b9e71650df0,Pedro,M,453,12,202501,202512
896,e6af8895-a4a2-4c18-97dd-196af1ad3f38,Marcelo,M,406,12,202501,202512
897,e71a1d3b-b09b-4939-99b4-e128e300f180,Rafael,M,444,12,202501,202512
898,e7d95182-62b1-436c-9d41-78e2ab9f5365,Carolina,F,425,12,202501,202512
899,e820a456-009f-4143-99d3-a64fdb2a7b36,Fernanda,F,433,12,202501,202512
900,e8435c67-45d8-4357-a148-c4c6177989ed,Isabela,F,468,12,202501,202512
901,e890c437-050d-4b39-ad3f-e541f3dcdba8,Felipe,M,481,12,202501,202512
902,e8b28451-f158-4d22-8d45-31133b0ace0b,João,M,418,12,202501,202512
903,e8c34140-75d7-47ff-a91e-40b0c680fc1e,Bruno,M,431,12,202501,202512
904,e949ca1d-d5ef-4c53-90eb-c1e9c0a5679c,Felipe,M,456,12,202501,202512
905,e9725410-7144-4a06-a4bb-f4e0e8ff9ae6,Eduardo,M,452,12,202501,202512
906,e9892e48-978d-4a43-9675-e1928bcb986d,Gustavo,M,655,12,202501,202512
907,e9a9886b-d431-4b7c-b5d8-06eb3c68d2f9,Felipe,M,517,12,202501,202512
908,e9c7dd95-3683-472f-81e0-13b97c3f4006,Letícia,F,494,12,202501,202512
909,e9cb5013-5343-455c-8d2a-b47ba6c353df,Valentina,F,392,12,202501,202512
910,e9d3c8a1-f2f4-48c3-87e4-90d87da84bf4,Bruna,F,737,12,202501,202512
911,e9e28b99-04ea-473d-9aa2-e5a4a0c27f2e,Gabriel,M,329,12,202501,202512
912,ea36e21c-c173-4931-ad31-c93cb0cfbe22,Fernanda,F,460,12,202501,202512
913,ea7604db-d124-4d01-b138-e9a707602741,João,M,491,12,202501,202512
914,eabd5b5a-0d7a-429a-8a85-9be3ca3fec89,Leonardo,M,438,12,202501,202512
915,eabf1d1a-bf78-4abd-88c0-5356a62b8ba3,Letícia,F,612,12,202501,202512
916,ead627a2-67d9-40ce-9150-2cea82754ca2,Eduarda,F,433,12,202501,202512
917,eb1cc21e-500d-4845-b824-8732da38d8d7,Vinícius,M,473,12,202501,202512
918,eb6c1a46-8b7f-4601-b7cd-c344227c26ac,Isabela,F,746,12,202501,202512
919,eb7a5769-db5d-4172-aebb-d2a883f950d5,Marcelo,M,441,12,202501,202512
920,eb8034a7-efa1-4567-96c2-9d724ea9cdb7,Vinícius,M,467,12,202501,202512
921,eb80576f-02a0-46be-97e2-a4d0e242b363,Nicolas,M,764,12,202501,202512
922,ebc79dbb-e74a-414a-873e-8c5550dafb14,Eduardo,M,330,12,202501,202512
923,ebeb38d7-4c75-45bb-af6b-6262a8d50d43,Camila,F,500,12,202501,202512
924,ebf705b0-98e4-40c9-828d-dbedc926bccd,Felipe,M,629,12,202501,202512
925,ec1c0463-85a4-4754-bea8-edf292295aff,Camila,F,423,12,202501,202512
926,ec4fe3e8-d316-47dc-b502-74e0009013e7,Vitória,F,335,12,202501,202512
927,ecf5f7a4-7b6a-448f-9fc5-5e4c8cd4e8af,Nicolas,M,451,12,202501,202512
928,ed943949-13b4-4bad-aa29-f55921487320,Sofia,F,505,12,202501,202512
929,edb3ff54-1c9a-40e3-abc0-36a4a34fb9e2,Vinícius,M,523,12,202501,202512
930,edca6ff3-5d0b-49da-af8f-51fa781641da,Sofia,F,450,12,202501,202512
931,ee147800-3102-4a23-b403-eea6815470b7,Eduardo,M,358,12,202501,202512
932,ee5141a5-30bf-4e27-b599-261d8590c9e7,André,M,320,12,202501,202512
933,ee5722fd-d114-43b7-866a-349b89072f34,Otávio,M,439,12,202501,202512
934,ee74b052-2833-4cb8-937c-6ccbe3adaa9e,Carolina,F,409,12,202501,202512
935,ee963713-7370-4198-a90e-858ed6c545d9,Tatiane,F,415,12,202501,202512
936,eea01564-b4e7-46dd-8c8f-0651aedd1f08,Helena,F,433,12,202501,202512
937,eebee2fb-4ce6-4239-8276-7128bb5e534a,Camila,F,320,12,202501,202512
938,eece2b10-7b57-4fd5-adcf-32cff0dcb061,Juliana,F,375,12,202501,202512
939,ef00caad-2f97-477f-887b-98c0c9b76ddc,Letícia,F,428,12,202501,202512
940,ef66a0bd-ac01-4647-a7e4-f2b3e6f1a89c,Aline,F,432,12,202501,202512
941,ef98e2ad-cf61-4d54-b549-7552392fced2,Felipe,M,503,12,202501,202512
942,efaf2bc6-8d0f-442e-8edf-c862dadb6f11,Juliana,F,436,12,202501,202512
943,efd9513e-8aa8-4d21-9c19-ba28158e6af3,Eduardo,M,414,12,202501,202512
944,eff43958-05fb-4c7e-b46c-0076d6bd8d9a,Camila,F,506,12,202501,202512
945,f00b794e-9152-432e-8fe4-3c91dfc32320,Rafaela,F,508,12,202501,202512
946,f0fdddf5-2d61-4b15-8040-ca508d3b92d0,Arthur,M,687,12,202501,202512
947,f1819963-1c6d-4fd5-b2fc-6a8730551d21,Camila,F,423,12,202501,202512
948,f1b68741-8fb2-49c9-9cd6-9e02a6bfd65c,Leonardo,M,466,12,202501,202512
949,f221280e-dadb-4150-a1d0-49540aa53ad4,Luana,F,501,12,202501,202512
950,f284914c-b958-49a4-bd34-d36f4d661e42,João,M,383,12,202501,202512
951,f314917b-9c28-4cec-89c8-ce380d649745,Otávio,M,510,12,202501,202512
952,f32226f3-c76b-4b9e-b178-291ae8cf687a,Samuel,M,465,12,202501,202512
953,f334cf4e-2427-4b41-b14b-24bc0a08141e,Henrique,M,471,12,202501,202512
954,f35c8754-02ab-46ae-adc6-cfe942f9b871,Arthur,M,358,12,202501,202512
955,f3a7f8ae-5ed5-4039-b655-1da902d7c6ab,Mariana,F,461,12,202501,202512
956,f3d991a0-71ce-42b2-8753-3514a6d3c4f6,Rodrigo,M,467,12,202501,202512
957,f4191c56-6b5a-402c-b727-265cfb30d465,Gustavo,M,479,12,202501,202512
958,f4560fdc-14ae-454d-955b-cfeddfdd5f12,Mateus,M,712,12,202501,202512
959,f5e0ada9-2220-4d59-b09a-0cc8448d7f1f,Natália,F,496,12,202501,202512
960,f5ee3970-42e3-4bea-a8a1-dea296aaf251,Rafaela,F,427,12,202501,202512
961,f6353bae-f80c-495c-95df-62e569bb1d0c,Beatriz,F,456,12,202501,202512
962,f65c7c7c-0ff2-4ff3-9efb-a07e2c5dfd84,Daniel,M,441,12,202501,202512
963,f6e4ed22-2168-475c-aa44-8ccc43a8a9cd,Beatriz,F,706,12,202501,202512
964,f6e85f91-cc14-4d19-817b-ae0e923860da,Bruna,F,414,12,202501,202512
965,f7079454-b8d4-48f2-9daf-a0364f31f322,Rafael,M,741,12,202501,202512
966,f77f7bfb-34dc-4fa6-8653-63a8d3a39c99,Gustavo,M,397,12,202501,202512
967,f83cb3b9-9dd1-4eb4-b472-f92379078d2e,Rafaela,F,485,12,202501,202512
968,f84a89d6-18db-4edb-ae79-d0ae1d3c7167,João,M,491,12,202501,202512
969,f8517253-6c82-4116-8150-189ad2426164,Rodrigo,M,545,12,202501,202512
970,f89d1b4f-6e55-4626-8746-88217180eee6,Mateus,M,482,12,202501,202512
971,f8d6016a-76b0-41ed-8247-5d7c17a57429,Carlos,M,485,12,202501,202512
972,f91d5980-f784-4ede-b462-add9c736d955,Leonardo,M,490,12,202501,202512
973,f92addc8-a578-49f0-a8ef-56185285e940,Helena,F,441,12,202501,202512
974,f993933d-4cfe-42f2-b532-4f58f9b12c6d,Mariana,F,514,12,202501,202512
975,f9e274f1-c4fe-4be7-9507-ada5fdfc6053,Samuel,M,512,12,202501,202512
976,fa64b23a-6f77-4557-aab6-56996cb6425a,Nicolas,M,539,12,202501,202512
977,fa690743-6568-4f3a-b55f-7a8ea150c357,Tatiane,F,453,12,202501,202512
978,fb4b0515-53eb-4c43-ac1e-cf34dac92d3d,Patrícia,F,508,12,202501,202512
979,fb859b77-7198-485a-ab24-b894f622166f,Rafaela,F,386,12,202501,202512
980,fc322b9c-7306-480f-946c-9d763af17c78,André,M,465,12,202501,202512
981,fc654393-4dcd-41b0-96e2-947e285df101,Eduarda,F,484,12,202501,202512
982,fcd3f4b5-59f6-4ced-b956-449d7032c0a0,Larissa,F,526,12,202501,202512
983,fd045c75-a4d2-449b-be9b-a0aea016ae1c,Sofia,F,423,12,202501,202512
984,fd21200e-5aff-4653-ac0b-c92a6e06b25a,Vitória,F,347,12,202501,202512
985,fd37e469-0669-44e4-92f6-ddf5880701c4,Beatriz,F,451,12,202501,202512
986,fd3a71b4-0013-4865-a963-48f1e99d6a45,João,M,594,12,202501,202512
987,fd4302c9-f1ce-4f6a-8055-c7562cde1ea3,João,M,385,12,202501,202512
988,fd527099-e541-414c-bbca-199afb03ca55,Beatriz,F,372,12,202501,202512
989,fdd730a8-7556-404d-9492-02344e55fc5e,Rodrigo,M,392,12,202501,202512
990,fe0a8673-8c0b-4b75-b7d8-f2ff35866b01,Letícia,F,506,12,202501,202512
991,fe20936d-7126-46c2-be90-718f79571889,Gabriela,F,414,12,202501,202512
992,fe52b305-9f7c-4e06-8bfe-7950f882fdfa,Fernanda,F,460,12,202501,202512
993,fe553b41-54b5-4d00-bd38-79665787d1cc,Vitória,F,504,12,202501,202512
994,fe99aefe-0846-4ed0-9cda-8254732664e1,Natália,F,396,12,202501,202512
995,febeef5b-a8a1-4c0f-8920-89b615de392f,Beatriz,F,479,12,202501,202512
996,fef1430b-63e6-4890-bc35-43edc700bede,Nicolas,M,521,12,202501,202512
997,ff155e24-d12c-4a54-b23b-66a78606831b,André,M,483,12,202501,202512
998,ff23eecd-3197-4dd8-acca-1e638ee284a6,Thiago,M,488,12,202501,202512
999,ff3c60f2-3e1b-450d-88b0-b3bd6c9689ae,Marcelo,M,399,12,202501,202512
1000,ffc17be1-2858-4dc4-a59c-f3147806b155,Gabriel,M,571,12,202501,202512
